subject,brain_parcel,1,2,3,4,5,6,7,8,9,10,11,12,13,14,15,16,17,18,19,20,21,22,23,24,25,26,27,28,29,30,31,32,33,34,35,36,37,38,39,40,41,42,43,44,45,46,47,48,49,50,51,52,53,54,55,56,57,58,59,60,61,62,63,64,65,66,67,68,69,70,71,72,73,74,75,76,77,78,79,80,81,82,83,84,85,86,87,88,89,90,91,92,93,94,95,96,97,98,99,100
sub1,brain_region1,0.598453506,0.222156638,0.596355667,0.887719635,0.018675946,0.364850572,0.588586028,0.41585352,0.019385241,0.570535372,0.95853911,0.57145182,0.318203667,0.529932536,0.039340838,0.76657815,0.423611204,0.715955097,0.986949763,0.680783546,0.482029865,0.924156756,0.16875405,0.977029321,0.258506016,0.163434264,0.58758213,0.798295162,0.962554191,0.143730396,0.764385158,0.649404195,0.418751386,0.200403464,0.846767381,0.688369862,0.895174182,0.035015744,0.782652418,0.693271765,0.33090088,0.42215794,0.694874965,0.784834515,0.199782099,0.088256841,0.065538408,0.567083221,0.476573978,0.970147605,0.306232359,0.697110007,0.157074726,0.110091484,0.614254239,0.78220672,0.833846083,0.858357142,0.630636541,0.887665474,0.294646171,0.864202665,0.948658522,0.501295125,0.448887216,0.447745359,0.092910185,0.4099335,0.345316243,0.908862428,0.440165265,0.927901962,0.391687245,0.986503738,0.107324465,0.096835778,0.76265227,0.469906136,0.78502249,0.875121373,0.76594723,0.263132843,0.685796896,0.835592734,0.261043645,0.225746605,0.963889652,0.200980504,0.630465965,0.371067094,0.747146114,0.146074262,0.906842354,0.684801572,0.341902579,0.149516926,0.943027558,0.005710466,0.618673922,0.129716666
sub1,brain_region2,0.968021061,0.772070396,0.185722994,0.333018953,0.418572987,0.411330988,0.061146039,0.947821812,0.522704239,0.960460558,0.9229079,0.351486431,0.172775207,0.499585127,0.631061539,0.189198391,0.598454979,0.248892959,0.305880313,0.060374996,0.300226842,0.769517283,0.491830041,0.627093049,0.993317504,0.801293909,0.963498943,0.798045113,0.723957881,0.670234904,0.912765487,0.718156173,0.541991084,0.377605164,0.268050532,0.258468109,0.611590347,0.218661381,0.803881093,0.309090982,0.989767108,0.380604766,0.957776603,0.849493781,0.560990754,0.868066902,0.410792349,0.743838193,0.784567914,0.985979319,0.142244367,0.636490789,0.526392583,0.802622366,0.079112097,0.444783454,0.697344083,0.690852929,0.224702753,0.581499807,0.944495218,0.158802305,0.940270976,0.904498299,0.650484111,0.376669971,0.666050756,0.836948468,0.913889079,0.23896677,0.465620832,0.749689904,0.466890495,0.022834564,0.900051019,0.496394242,0.993364675,0.72624734,0.158159319,0.431763723,0.291284293,0.733994317,0.433451259,0.832107289,0.901988399,0.182571316,0.223406628,0.184168827,0.195984777,0.200407417,0.076622086,0.834464742,0.223294108,0.704875158,0.803395524,0.542223462,0.385006873,0.760852541,0.216092863,0.523958509
sub1,brain_region3,0.02888048,0.379422306,0.55272692,0.272351962,0.945066107,0.497401562,0.762650324,0.422542203,0.787704278,0.211152236,0.025918654,0.055239318,0.710476763,0.247002514,0.86155594,0.919505745,0.686514252,0.209814434,0.734777456,0.805508615,0.949101433,0.317224836,0.734968449,0.021421591,0.478129824,0.647573872,0.183366882,0.727751213,0.660465743,0.384778469,0.320079638,0.604641151,0.671360886,0.372405279,0.513274598,0.31004949,0.71894339,0.153862752,0.90751441,0.841412147,0.513445589,0.728329443,0.074334459,0.166726648,0.047843013,0.724313175,0.405272043,0.253697636,0.756279266,0.258941349,0.607017989,0.424417048,0.522005432,0.186853958,0.717817162,0.862588028,0.748227581,0.71788089,0.473271164,0.41393879,0.860774715,0.283237515,0.544710852,0.187182388,0.048681668,0.404473445,0.659378484,0.396610479,0.979602033,0.379815782,0.130767361,0.275450893,0.858186658,0.704436116,0.027541921,0.17291411,0.306218888,0.511333433,0.522309923,0.465100323,0.222708792,0.835212986,0.728676232,0.194439873,0.621286731,0.011551716,0.81356601,0.250640909,0.958943504,0.372341876,0.824891405,0.289023852,0.062239838,0.725398143,0.830999786,0.809828758,0.898138638,0.601111444,0.769705224,0.31130395
sub1,brain_region4,0.426706391,0.141907155,0.15861467,0.423708049,0.233397526,0.772508214,0.781616208,0.247957591,0.279097985,0.706104844,0.696334673,0.41899439,0.925593433,0.943928593,0.173284911,0.068597869,0.579677182,0.726086211,0.48866812,0.290294898,0.392687269,0.897264405,0.956367922,0.117025796,0.280845382,0.826226709,0.560883848,0.541576377,0.358050546,0.083048073,0.401935069,0.968409831,0.91349006,0.729842009,0.521521893,0.92427011,0.449683516,0.131137429,0.665087689,0.780507773,0.593019786,0.181459201,0.555806726,0.962503887,0.54151839,0.848507151,0.067007995,0.35087957,0.788948416,0.254490742,0.490928786,0.783072097,0.995993773,0.571451463,0.526743612,0.820931005,0.01890429,0.821453365,0.99465857,0.449432466,0.016671711,0.517867373,0.633626097,0.427446247,0.526556091,0.139284961,0.410105284,0.239176408,0.923302497,0.567341606,0.670588937,0.24998904,0.793130393,0.302611488,0.635049124,0.079780343,0.237184209,0.063127022,0.616149444,0.791822187,0.233698921,0.339843307,0.821205423,0.811421712,0.774220177,0.718416995,0.433263566,0.577162564,0.644502277,0.45580513,0.62327874,0.632801514,0.883430753,0.223155013,0.769791289,0.062422616,0.972946042,0.644240568,0.425605391,0.355773729
sub1,brain_region5,0.885032598,0.804556615,0.970871878,0.159586728,0.960030341,0.725094687,0.790923297,0.998970332,0.06052882,0.196144265,0.7566796,0.777716615,0.358423699,0.995049215,0.824426935,0.481579409,0.011457857,0.301724559,0.590140159,0.254597052,0.028775994,0.67213753,0.625835588,0.901718544,0.612455658,0.826565741,0.156442433,0.006263655,0.19836764,0.844084541,0.841578796,0.663774997,0.861832126,0.910542926,0.225440588,0.01718687,0.484787095,0.280735546,0.352781569,0.936518974,0.188690535,0.936571631,0.771062614,0.491200876,0.171404377,0.188795576,0.028316527,0.583673245,0.965304515,0.893242071,0.281384121,0.384933442,0.718409099,0.964708649,0.392007421,0.633352031,0.646992848,0.031001393,0.606577006,0.009087874,0.278298623,0.060848988,0.201846814,0.738772248,0.259984245,0.319936912,0.29036327,0.965954844,0.819678884,0.452722894,0.261495101,0.614297701,0.92846283,0.227045342,0.951448661,0.82646404,0.613059159,0.004350608,0.974758671,0.580372598,0.437580343,0.976442247,0.396367733,0.809141196,0.03383862,0.108150303,0.558737377,0.683522959,0.783937814,0.112270877,0.862178981,0.356397254,0.17802824,0.193197395,0.800549266,0.970543874,0.776834123,0.232534157,0.016620596,0.960873716
sub2,brain_region1,0.007735534,0.781639661,0.718042301,0.84195653,0.197926456,0.60088141,0.134175232,0.696568671,0.219346382,0.474892564,0.351665552,0.630168965,0.807567528,0.520212929,0.042823993,0.063185157,0.141164635,0.603554952,0.539389246,0.899143741,0.63434457,0.15240333,0.386104583,0.947038824,0.925921787,0.464282855,0.890581079,0.741516861,0.588456797,0.816621361,0.920455624,0.117144605,0.816876692,0.635765341,0.51859446,0.950857127,0.979028402,0.598701247,0.67187365,0.615172676,0.242909913,0.130857347,0.452372921,0.639650527,0.458331819,0.575777418,0.776599062,0.733654457,0.199543045,0.273091863,0.826118761,0.997157377,0.060290267,0.055462164,0.184476442,0.364866783,0.644718486,0.064160112,0.641218642,0.318185423,0.636917123,0.366862828,0.629245357,0.658091682,0.027173426,0.262886415,0.707347987,0.962120993,0.851037651,0.343981353,0.57772557,0.619675068,0.512963396,0.606840207,0.998915064,0.803122852,0.324636102,0.960237761,0.174027414,0.268664526,0.533121907,0.585833529,0.362716622,0.570872349,0.364483396,0.802568333,0.745719828,0.186561127,0.252505006,0.126816436,0.87822631,0.95715883,0.956665282,0.200107192,0.916196278,0.387360967,0.097450506,0.686238753,0.404385961,0.460878986
sub2,brain_region2,0.757665543,0.154353009,0.819796665,0.837404356,0.258252663,0.368299225,0.200300841,0.917469181,0.044015813,0.330358464,0.308804323,0.342952848,0.095883915,0.85679906,0.916426127,0.350143919,0.189748213,0.037473658,0.940973139,0.849936233,0.536497751,0.037821262,0.470704147,0.898132183,0.713820095,0.55153179,0.676402829,0.378210836,0.227945519,0.092126228,0.581872792,0.993027543,0.930620336,0.774842331,0.722030273,0.528328497,0.760700652,0.832833413,0.306801384,0.111237424,0.234478637,0.42239258,0.76383295,0.711869373,0.134073781,0.344590114,0.61525112,0.436750409,0.828914948,0.481483687,0.818356504,0.02550884,0.107376433,0.513169975,0.178598875,0.725247928,0.751716711,0.235533697,0.00703075,0.405801896,0.929088392,0.651937943,0.404199277,0.972508539,0.822796457,0.132472215,0.810914953,0.543648095,0.603700746,0.973626744,0.377683034,0.751163415,0.337514307,0.753252212,0.129265183,0.297299109,0.955722122,0.656754568,0.213585548,0.081778937,0.290585335,0.836027555,0.020988334,0.985838764,0.417335214,0.383389268,0.680248471,0.324289298,0.230080871,0.97345564,0.569068476,0.737293284,0.664757103,0.307213514,0.867189815,0.345554112,0.898769053,0.942780638,0.290769933,0.068192568
sub2,brain_region3,0.684145042,0.638178651,0.640724534,0.141117302,0.453433633,0.317549859,0.4587436,0.994027436,0.861841395,0.187711606,0.958708839,0.082675913,0.470813593,0.529499756,0.418627754,0.151748566,0.380788398,0.62345465,0.690328253,0.218518241,0.985367309,0.979901313,0.128748868,0.013193426,0.927001321,0.480596066,0.3807224,0.952151307,0.723849939,0.7222756,0.221878648,0.575856429,0.847659051,0.730344604,0.906181341,0.023463322,0.064414324,0.602404907,0.879972078,0.918932619,0.162236862,0.53365226,0.819990246,0.604458983,0.738473063,0.624139458,0.390471679,0.049053316,0.991998737,0.869952333,0.008776648,0.194444362,0.667432886,0.629927039,0.0136103,0.19455479,0.154209151,0.80532874,0.374340794,0.373052742,0.638966066,0.425215461,0.947443606,0.063566998,0.587129738,0.779619058,0.963461875,0.098748227,0.992353136,0.983443092,0.510138017,0.051360431,0.931708527,0.947104833,0.041163231,0.863339841,0.565129487,0.087719029,0.515361136,0.022208815,0.268462371,0.225793465,0.318286779,0.852067934,0.597372583,0.793515144,0.5634949,0.384718585,0.111235729,0.113736801,0.362648578,0.923185322,0.88713079,0.465531804,0.596759241,0.881295705,0.339743575,0.829489659,0.642226039,0.330618074
sub2,brain_region4,0.71224413,0.203903837,0.311173721,0.13257125,0.119103688,0.938485137,0.445504881,0.392501274,0.753946072,0.358503362,0.670148709,0.442482128,0.737334887,0.380140906,0.909675833,0.069770814,0.079661364,0.952910281,0.59617351,0.184158846,0.024745291,0.285935614,0.044762522,0.89950181,0.625598019,0.902942897,0.943210082,0.207035195,0.938770244,0.520912155,0.953438035,0.526692786,0.258934118,0.63986079,0.839001684,0.251535457,0.776078525,0.213324642,0.48829511,0.855891118,0.681869278,0.297363882,0.492689928,0.975924443,0.672818424,0.617831117,0.977363771,0.077636693,0.256477205,0.803134438,0.804735112,0.375011939,0.462851856,0.859524118,0.089798514,0.414595549,0.89693633,0.412133481,0.31414352,0.762066257,0.398515423,0.200072618,0.471132158,0.884258289,0.947016593,0.388671754,0.967068803,0.506818882,0.03506529,0.32503511,0.6359913,0.350338099,0.045272284,0.67682892,0.8790302,0.215605812,0.284449808,0.684541881,0.340913431,0.328936188,0.151927654,0.39386646,0.426549109,0.94948925,0.925865231,0.72486788,0.474761392,0.613189314,0.655050151,0.982291895,0.471214095,0.955438359,0.978060238,0.093868991,0.59032636,0.602557303,0.911849506,0.141317385,0.111080346,0.67187067
sub2,brain_region5,0.933763112,0.528802902,0.411699542,0.350240146,0.432744394,0.975212686,0.035846856,0.224775869,0.472493056,0.118187822,0.75601802,0.826946441,0.672356086,0.029247004,0.861163341,0.73646228,0.499552328,0.418824307,0.823953946,0.633889279,0.84492078,0.172002425,0.966041508,0.062327778,0.585171106,0.190583382,0.482400133,0.134870902,0.956878569,0.720160577,0.899207544,0.050515296,0.378355434,0.739707888,0.942270196,0.687558759,0.144899184,0.232919166,0.62557414,0.477662347,0.5617049,0.437670372,0.363350121,0.447906921,0.073675057,0.845495231,0.569823359,0.709243822,0.147144774,0.613873763,0.31654452,0.325653754,0.0938185,0.44740719,0.571156145,0.389668541,0.127159351,0.801366839,0.314762422,0.131505903,0.283350809,0.541004914,0.888779809,0.864807779,0.77570188,0.14848984,0.583862625,0.051856267,0.194857114,0.464393857,0.551202031,0.136678132,0.789071758,0.924803664,0.200493602,0.547926792,0.76373384,0.492424333,0.184516795,0.022627456,0.573884562,0.223042551,0.487512192,0.976316409,0.062746,0.107537656,0.846551599,0.782903265,0.516065171,0.790756792,0.776342802,0.96850721,0.910714017,0.520489676,0.92083998,0.156480727,0.345408513,0.370459736,0.542158125,0.19437158
sub3,brain_region1,0.807833042,0.726706355,0.514952572,0.077889615,0.405070045,0.640751556,0.798264035,0.875855161,0.856219731,0.081172175,0.314762277,0.851420953,0.445458845,0.7279915,0.087108153,0.046509584,0.897382378,0.678061449,0.730329986,0.445427879,0.048086861,0.55645352,0.37636718,0.499307842,0.961330408,0.87174068,0.398399674,0.051215612,0.470160988,0.133714925,0.809001198,0.0841398,0.058735888,0.295237019,0.327472046,0.820009235,0.764830127,0.03907836,0.365908187,0.941776973,0.205361259,0.978230901,0.276234572,0.154793612,0.901034309,0.307710464,0.030355156,0.084903719,0.057987128,0.059097189,0.762329135,0.796621879,0.18007296,0.425867507,0.808742292,0.731109151,0.717990711,0.096964132,0.112852644,0.447621392,0.759398044,0.885478294,0.084237076,0.999599625,0.378526926,0.666130704,0.713140874,0.437993703,0.643680906,0.955001626,0.195032636,0.817146553,0.47014181,0.988196706,0.979812567,0.920524122,0.600787382,0.550120191,0.474197868,0.802521243,0.633298887,0.920963345,0.163636721,0.995172608,0.720753377,0.260714085,0.117502554,0.788825034,0.051008835,0.511852148,0.831266447,0.756842167,0.47351227,0.662148271,0.981141266,0.172854411,0.329177646,0.901494073,0.668975419,0.501218136
sub3,brain_region2,0.352215356,0.031835071,0.954837932,0.912281901,0.917715158,0.733062706,0.969457745,0.236638327,0.974249417,0.818412384,0.882567712,0.911640458,0.24296902,0.418626357,0.074907662,0.566910538,0.523829093,0.467110945,0.66698384,0.630269651,0.572424081,0.521373603,0.231303028,0.957463646,0.539805495,0.040778237,0.647071083,0.551557417,0.920500065,0.332095138,0.844526689,0.865707279,0.040802366,0.831853316,0.030941313,0.990975215,0.783387593,0.192987444,0.075627025,0.343730566,0.685106832,0.161564236,0.919430668,0.31851031,0.717279393,0.306173684,0.686570775,0.582725453,0.306145338,0.325112025,0.65511837,0.790817872,0.576705869,0.368677435,0.940029685,0.726773087,0.545059218,0.179831132,0.392182401,0.854837437,0.446952914,0.587409567,0.457687714,0.911566582,0.167284581,0.472663862,0.800677689,0.958242995,0.431604503,0.156904208,0.94320368,0.903327916,0.046238565,0.766361672,0.888747483,0.499974814,0.764533833,0.607563399,0.868684436,0.058039961,0.045370654,0.885971026,0.959615204,0.479710807,0.057262103,0.70460397,0.543165139,0.501932502,0.819887715,0.311116067,0.637801087,0.21321028,0.877137268,0.138427747,0.652318087,0.2284629,0.15760707,0.078511934,0.187817403,0.295038643
sub3,brain_region3,0.147828538,0.506864719,0.640077691,0.831745139,0.963652332,0.575254984,0.918910657,0.007394049,0.56513458,0.751131864,0.450278925,0.248131599,0.334484421,0.546982808,0.250219429,0.669762658,0.169833309,0.775105102,0.083575842,0.618667554,0.98125148,0.596211011,0.256515854,0.049982715,0.406873236,0.387152888,0.588923233,0.549554772,0.084841507,0.378625956,0.697897415,0.88903625,0.134950815,0.391153057,0.106591539,0.548196277,0.218363437,0.707662069,0.397018782,0.63122499,0.777432758,0.354734174,0.42341693,0.183712724,0.628456769,0.390961372,0.706426169,0.885294146,0.735175897,0.680599997,0.164270718,0.376646307,0.610355954,0.860993408,0.310275803,0.029139362,0.046087976,0.908299956,0.146981437,0.419605329,0.279503014,0.537687661,0.929461868,0.856102491,0.713417913,0.020829271,0.151033907,0.235671069,0.973253147,0.966794974,0.692279966,0.621036691,0.778889633,0.682456972,0.990345921,0.301569046,0.667115598,0.52816209,0.43488174,0.862248614,0.303653742,0.778790884,0.532101598,0.729501696,0.538323576,0.709082545,0.209622703,0.524925617,0.19272044,0.883239088,0.720338894,0.634003356,0.487733581,0.83712518,0.744470976,0.001547308,0.939894444,0.700174956,0.811533147,0.881249651
sub3,brain_region4,0.093872956,0.366309857,0.690737156,0.657360544,0.527951651,0.496693454,0.858530906,0.243130179,0.849394623,0.177565922,0.043966621,0.213075091,0.388900144,0.346003513,0.214307758,0.309018155,0.722989422,0.303601737,0.728858148,0.222217403,0.228286339,0.106025837,0.202121229,0.662781492,0.093114536,0.243956491,0.323150419,0.312644979,0.203090177,0.284659578,0.244989254,0.134534902,0.88925958,0.262244327,0.041431496,0.864157004,0.602808314,0.842619589,0.575416405,0.0943593,0.100722642,0.447223039,0.284847723,0.772651064,0.784935481,0.542573902,0.225823701,0.682343045,0.30316661,0.941864065,0.865991551,0.2519192,0.11732727,0.670004916,0.085159295,0.189389689,0.338254708,0.588794744,0.246492696,0.703730938,0.658825641,0.996666095,0.134173459,0.118914988,0.831219257,0.145002741,0.053356601,0.891721067,0.71587873,0.716196995,0.989710355,0.366547827,0.201613915,0.763982748,0.169534276,0.630250225,0.530377678,0.383603403,0.344748827,0.215325583,0.432367923,0.420693177,0.480544406,0.392760925,0.552660528,0.95987816,0.67366476,0.649126985,0.974424884,0.760664498,0.054445545,0.194611477,0.702852263,0.705142368,0.239085223,0.034296538,0.285507343,0.358124425,0.995049757,0.956237685
sub3,brain_region5,0.947679524,0.961502985,0.396077137,0.19234433,0.271679749,0.506624094,0.785089007,0.640184242,0.890679843,0.493533973,0.015178663,0.522371791,0.649910488,0.398282389,0.657063306,0.294185745,0.052701052,0.210462085,0.038846447,0.222571817,0.345387562,0.061802523,0.652960314,0.127816721,0.634768775,0.366882555,0.938007651,0.372583544,0.264551812,0.108195273,0.567372913,0.421934741,0.891323715,0.684196656,0.356009959,0.458342652,0.651756858,0.724216449,0.414698508,0.270166929,0.44143802,0.36110705,0.543015874,0.13345444,0.444892125,0.211438933,0.654420307,0.595295245,0.599896375,0.611991879,0.061930924,0.681555348,0.371813102,0.583810554,0.273722784,0.406834921,0.227612191,0.960953964,0.845391124,0.818952307,0.869673792,0.426112105,0.521155372,0.481552357,0.425192962,0.513948086,0.562411576,0.291634621,0.231969209,0.491594568,0.942762228,0.937513202,0.03237979,0.03274463,0.914090032,0.171487505,0.106899776,0.140013722,0.423493784,0.981718088,0.884338164,0.246193977,0.212670074,0.772656823,0.719091809,0.790201604,0.605466189,0.54887793,0.506035921,0.831047996,0.125763233,0.78558527,0.432135396,0.531387618,0.965449654,0.970926356,0.741627773,0.670841305,0.213845794,0.976028269
sub4,brain_region1,0.409303944,0.475650274,0.356768234,0.898497709,0.596063833,0.805375263,0.88213603,0.378703208,0.780767469,0.823080235,0.390968859,0.445555752,0.991309012,0.657791012,0.206905387,0.036048733,0.332911106,0.495264651,0.853025256,0.601777294,0.18087313,0.850956851,0.390004063,0.278515859,0.385615001,0.848597156,0.310130165,0.475907426,0.246029652,0.531295113,0.327377555,0.114454855,0.808106849,0.61391294,0.95761177,0.874177026,0.890795086,0.201933477,0.497118517,0.7736929,0.31631364,0.449484383,0.985486764,0.423790717,0.830847823,0.78010402,0.507690398,0.258897651,0.2406059,0.064503388,0.842822868,0.084075041,0.634088427,0.744980068,0.084001542,0.325821231,0.427955122,0.154115917,0.775068602,0.921025579,0.584924847,0.552247385,0.636148573,0.909927971,0.419315904,0.069898735,0.198928253,0.694299476,0.209871686,0.606073175,0.359383838,0.601227756,0.243379184,0.444135197,0.300314858,0.746016716,0.494411127,0.823766589,0.344723364,0.192616366,0.742820135,0.366595148,0.247373088,0.111982416,0.922478207,0.049441153,0.677569474,0.541695314,0.580159003,0.553937187,0.134947534,0.133059218,0.03202555,0.333857046,0.051280477,0.698885517,0.588970801,0.638153499,0.449889176,0.888008353
sub4,brain_region2,0.874022093,0.851909228,0.75416839,0.137224878,0.019753725,0.835199481,0.685430163,0.362830737,0.995977061,0.477185988,0.937458088,0.595058822,0.232027911,0.647503916,0.559751728,0.315822138,0.97089043,0.275194422,0.077230131,0.962014196,0.437698727,0.845655515,0.643074806,0.335542117,0.199841763,0.067914893,0.130519434,0.547234116,0.016444986,0.199376789,0.147167153,0.839916078,0.195691109,0.884766149,0.937662421,0.918112662,0.93613782,0.152471296,0.512145275,0.560191596,0.48706835,0.475143979,0.20025218,0.418934387,0.989185346,0.891906896,0.449070242,0.341040847,0.617002523,0.296476563,0.749041553,0.821543712,0.873972934,0.191937788,0.13915563,0.683293356,0.407978571,0.738480555,0.631822527,0.793882427,0.497282051,0.25527032,0.961449542,0.52805982,0.412355198,0.478720812,0.922952812,0.064449895,0.36717731,0.016364056,0.984205456,0.008879507,0.101557848,0.949292178,0.056254351,0.496207394,0.090433773,0.19297814,0.633293782,0.524465074,0.512496675,0.037152954,0.241578849,0.042643152,0.793989337,0.0522551,0.840640939,0.51480738,0.404191763,0.222257256,0.555663404,0.557752498,0.386869242,0.023714417,0.926442619,0.636232569,0.545594991,0.885009722,0.070777201,0.416108115
sub4,brain_region3,0.146886485,0.240683044,0.403751617,0.588833794,0.126147614,0.179112747,0.44761192,0.678878179,0.346837849,0.90070037,0.21056205,0.002489422,0.549459305,0.502607908,0.160307296,0.647758539,0.037870345,0.877444014,0.612351702,0.048085775,0.735279638,0.887551415,0.407783103,0.899599764,0.541500695,0.93310395,0.411858124,0.907636633,0.809054812,0.387651689,0.568328175,0.859904034,0.620716886,0.247047132,0.228816542,0.545936482,0.550635168,0.034692486,0.608234545,0.167667125,0.231891276,0.719534685,0.581353302,0.466750863,0.533366357,0.474762606,0.057548239,0.512182643,0.788022464,0.852454646,0.124002691,0.185506382,0.749910926,0.094311197,0.472070908,0.607852828,0.004201543,0.202223411,0.733701851,0.002772592,0.408129429,0.619098772,0.89733066,0.195152528,0.927491694,0.85240554,0.80443266,0.322898943,0.560093192,0.925701276,0.709666129,0.00095177,0.000448719,0.964481684,0.090081951,0.899533682,0.440527492,0.645283334,0.036689966,0.598790837,0.079981475,0.610050272,0.975559695,0.639777545,0.9875417,0.177765655,0.058935229,0.317613343,0.943386528,0.217260361,0.82844657,0.70550713,0.425476531,0.162194649,0.623421246,0.245727112,0.824605735,0.482709946,0.960489245,0.731540461
sub4,brain_region4,0.953444412,0.960777679,0.601335236,0.34201337,0.869852901,0.863986119,0.616725666,0.700188497,0.842612316,0.464907633,0.730212214,0.666512228,0.859592491,0.775345646,0.810995668,0.697656351,0.721997011,0.113401639,0.943998869,0.872689287,0.854577215,0.865970571,0.013418672,0.999265315,0.154061286,0.081355069,0.011503331,0.211749248,0.391791386,0.07042263,0.798293818,0.842336077,0.580267835,0.868877814,0.267201024,0.540400531,0.882082856,0.56454593,0.075660987,0.802002988,0.486156071,0.185560123,0.985541542,0.325420353,0.383730097,0.081745645,0.983767171,0.870309603,0.801348687,0.06177623,0.550270224,0.2091411,0.704477061,0.674874022,0.080052244,0.723457468,0.131835091,0.399457027,0.542328252,0.133804261,0.820156988,0.185136409,0.522461144,0.988823431,0.678967712,0.710681492,0.909025151,0.544461799,0.389221738,0.555202821,0.707303364,0.549519556,0.081147956,0.580166748,0.71238991,0.8779627,0.006244311,0.275857384,0.37675791,0.828680636,0.663614727,0.916358544,0.144554128,0.750535759,0.358631518,0.901467905,0.267733499,0.70526016,0.584436104,0.410162791,0.774814738,0.216552891,0.646556133,0.168332286,0.975161245,0.007366615,0.936476876,0.582899522,0.148587418,0.901262042
sub4,brain_region5,0.660585625,0.828709341,0.479521879,0.278032793,0.061285878,0.385633052,0.457283287,0.142425331,0.820007308,0.543190973,0.830535516,0.700357662,0.351367748,0.124004602,0.770376657,0.064469636,0.063822385,0.103694063,0.997235817,0.761162652,0.059544127,0.095437739,0.746259326,0.750794337,0.39268673,0.879395018,0.145610681,0.016536127,0.81680723,0.205431767,0.208585317,0.734682329,0.191759975,0.699052138,0.005535352,0.710142059,0.18972557,0.906958264,0.152882158,0.535506734,0.095031577,0.067446224,0.990563845,0.496267972,0.623944664,0.657638746,0.321789229,0.049703892,0.360775642,0.047982605,0.350859637,0.115453477,0.407521472,0.375205441,0.028138951,0.996334834,0.722286531,0.778753554,0.794470726,0.515947737,0.990190905,0.953332003,0.101232586,0.251994096,0.694434274,0.490528982,0.957439905,0.737760676,0.798163537,0.263275257,0.383918586,0.505746955,0.309384376,0.743460175,0.753186781,0.271162603,0.384639964,0.747466464,0.146907097,0.313121423,0.004196945,0.900341099,0.079039494,0.819042373,0.228535751,0.747682606,0.664627372,0.063214383,0.834811211,0.760094556,0.718494926,0.998717593,0.464294185,0.903460343,0.944042039,0.837617971,0.754398621,0.247588302,0.974571652,0.365854018
sub5,brain_region1,0.351578734,0.431023402,0.612025141,0.586910191,0.932391227,0.226867097,0.889827003,0.905727461,0.636957486,0.261034316,0.19083976,0.931010596,0.641381196,0.191004486,0.543051979,0.448222343,0.404850951,0.599448184,0.853179243,0.347283807,0.568797297,0.906333115,0.10478992,0.559835075,0.046603354,0.282810067,0.041761098,0.839767817,0.121611744,0.149911115,0.4928735,0.599388295,0.796820876,0.376345686,0.418623896,0.824844502,0.663683989,0.13492716,0.316762586,0.601199967,0.068084926,0.785466269,0.928039819,0.88202442,0.156130829,0.142056337,0.240498365,0.899053253,0.369443576,0.450053932,0.618343076,0.334743351,0.674071011,0.51248226,0.928197903,0.475620866,0.127713391,0.081735143,0.475335902,0.823727874,0.743028118,0.259218504,0.053026833,0.679470062,0.105439988,0.960329639,0.806190534,0.031351476,0.723451251,0.580095563,0.313537371,0.552424749,0.584079008,0.834556743,0.304099858,0.444248542,0.095510693,0.285413162,0.368192114,0.008949667,0.466932462,0.583458714,0.671743882,0.999548737,0.163801365,0.297816556,0.632295328,0.020099362,0.193665539,0.379001482,0.160828162,0.983555346,0.503671803,0.782842846,0.410549976,0.123349768,0.076416983,0.568530435,0.563056871,0.801637366
sub5,brain_region2,0.381269143,0.024579029,0.342265906,0.548796324,0.859715818,0.282139897,0.094020557,0.922202946,0.978939848,0.915037612,0.503961166,0.71891572,0.099419614,0.850667751,0.028024571,0.666271793,0.723152426,0.11158521,0.720006788,0.815856051,0.431874904,0.854835868,0.270786187,0.351627791,0.652097857,0.191540623,0.07671102,0.458648083,0.55124814,0.752070905,0.448174968,0.230788045,0.118371856,0.474456156,0.296677249,0.535357145,0.004022531,0.762249834,0.597421738,0.553694315,0.183600718,0.288268934,0.470154756,0.346959728,0.482607617,0.41990498,0.856120594,0.48704879,0.766877332,0.001810063,0.612144644,0.056869207,0.748465703,0.258952105,0.413304945,0.409735935,0.406085042,0.374076921,0.279854463,0.002006354,0.554458198,0.344754516,0.265194138,0.056204989,0.570524705,0.333372988,0.861886051,0.131480657,0.990717317,0.469216329,0.216779917,0.720291527,0.697435052,0.428667,0.66091833,0.654061945,0.666299955,0.652375673,0.887610301,0.429707686,0.750306814,0.149313048,0.608165969,0.181804859,0.769496028,0.11844912,0.645563181,0.790258934,0.109623583,0.542872678,0.685098791,0.214166339,0.43495926,0.612020968,0.256379643,0.777812265,0.514553808,0.449789749,0.87817088,0.832462792
sub5,brain_region3,0.388264666,0.397928057,0.877911247,0.573950223,0.870994121,0.954146369,0.466523189,0.228377749,0.423953212,0.935985775,0.457249406,0.821634957,0.384600071,0.571943937,0.776739849,0.778195169,0.268371683,0.586977092,0.429512291,0.115823166,0.991819393,0.411726464,0.855523789,0.152424108,0.011558839,0.927716324,0.660925748,0.78433032,0.264188953,0.969561243,0.831382227,0.842714736,0.491414377,0.576582657,0.894385333,0.53280243,0.360344644,0.459856747,0.414912368,0.812348414,0.325315944,0.836775682,0.302152501,0.857913951,0.484339623,0.940013935,0.913642634,0.980256163,0.27466936,0.636006883,0.760356466,0.986831285,0.990570497,0.110449171,0.117783787,0.570517099,0.805811178,0.606890774,0.555848193,0.536187697,0.947335643,0.952487049,0.492921438,0.071032371,0.886508437,0.422342446,0.852957698,0.76507797,0.777683717,0.648744324,0.226546247,0.673418947,0.150290504,0.578478999,0.271111511,0.853496646,0.200737219,0.2627671,0.870366671,0.433036999,0.999768271,0.263428198,0.59488852,0.746571707,0.747428264,0.234294301,0.52389052,0.05387384,0.228827805,0.785262306,0.207653031,0.571970759,0.452927127,0.042881415,0.926805939,0.702743187,0.949090279,0.258392897,0.473054749,0.706681316
sub5,brain_region4,0.407912076,0.576594996,0.737517021,0.054172894,0.143652679,0.211083071,0.16628568,0.474965359,0.066173796,0.927637142,0.47171456,0.192084544,0.964285787,0.102715739,0.714491427,0.384937039,0.225416962,0.48379542,0.673214498,0.437211365,0.076251202,0.367138928,0.477051379,0.366578426,0.034867306,0.979048311,0.708666371,0.48672204,0.586883435,0.596067827,0.843965452,0.806638386,0.827967304,0.932740346,0.24258127,0.08909605,0.396066686,0.977671115,0.399124357,0.330134323,0.840459314,0.017789083,0.500573572,0.170214535,0.15508262,0.369333563,0.393081802,0.776619657,0.767913362,0.079671441,0.15191461,0.503566578,0.846682825,0.523168393,0.268120521,0.878922453,0.50485877,0.49346061,0.322417144,0.655593576,0.862273504,0.410927752,0.671309395,0.05143844,0.010096426,0.232294402,0.087672138,0.22960443,0.683030677,0.271061317,0.477372809,0.233587068,0.829273956,0.498769989,0.092032938,0.958061672,0.859459688,0.460758935,0.841073121,0.277909227,0.837710129,0.254938328,0.582797134,0.417410167,0.78535383,0.23847989,0.010582346,0.322109907,0.387097303,0.670310069,0.902121873,0.979849123,0.564596221,0.155899238,0.723945963,0.770702298,0.523744621,0.480195427,0.159143179,0.644444849
sub5,brain_region5,0.664103875,0.240629291,0.526279639,0.10817196,0.731924018,0.407693774,0.912451464,0.471143136,0.998353606,0.535915952,0.064224452,0.492484331,0.622144111,0.323907233,0.514257664,0.075936218,0.09128922,0.729634598,0.523129152,0.634927493,0.898529718,0.014471952,0.718009516,0.578794812,0.903307891,0.174269384,0.536134081,0.196421538,0.630351728,0.095218951,0.114470884,0.59231138,0.298943462,0.463136207,0.643930492,0.344946676,0.241145793,0.903868713,0.602048424,0.129123707,0.92608334,0.071803378,0.345813894,0.878235638,0.590938258,0.80999331,0.924757001,0.653488932,0.309254099,0.108139483,0.846239924,0.938483512,0.280353237,0.301733436,0.308207585,0.664986291,0.510964074,0.785201937,0.470354556,0.82182267,0.214192201,0.266867306,0.815412576,0.722847152,0.474980542,0.845448492,0.413930837,0.428919248,0.233631574,0.85356823,0.640615238,0.38547496,0.170372485,0.789551616,0.239416592,0.739020442,0.391166826,0.233306928,0.979443036,0.309171018,0.701254945,0.204364955,0.862904257,0.48643059,0.902704516,0.422072326,0.201881495,0.396428588,0.125623,0.047576019,0.930074701,0.287854095,0.394051523,0.61781066,0.393910085,0.264487864,0.619707851,0.967229809,0.687651963,0.91709907
sub6,brain_region1,0.049024743,0.266030158,0.243014617,0.409838978,0.593655128,0.015929942,0.912101675,0.885377169,0.663444703,0.395010805,0.09777093,0.130550329,0.864426816,0.00479962,0.641686034,0.877902268,0.199946828,0.213838632,0.453681037,0.880898497,0.776524232,0.740579497,0.26509477,0.508824096,0.607313191,0.860992516,0.137415813,0.380255517,0.444434351,0.77355244,0.485880601,0.371529501,0.341024984,0.188598892,0.887485823,0.683253606,0.657577629,0.991869544,0.435339793,0.329535833,0.590741035,0.005130583,0.083691744,0.032607294,0.275081345,0.175933932,0.583959911,0.932286051,0.256665828,0.972977308,0.62568732,0.186642132,0.893760485,0.76364651,0.73197499,0.816009512,0.567156154,0.219251052,0.827489909,0.207525693,0.109660861,0.614875451,0.095121377,0.451180917,0.560648455,0.671922011,0.772861636,0.335645542,0.056359722,0.709712308,0.649049143,0.413761858,0.488914993,0.494109524,0.26262144,0.82770731,0.354219225,0.906548466,0.984056372,0.566975313,0.544212935,0.126163978,0.022060019,0.827726901,0.193200714,0.728904735,0.888931626,0.681311273,0.009552759,0.065349413,0.849545257,0.556386813,0.965416609,0.857746508,0.739816281,0.493984582,0.520941214,0.436030097,0.351749169,0.39972061
sub6,brain_region2,0.548782178,0.950034707,0.157573723,0.918672184,0.753049133,0.110004455,0.250705532,0.389828153,0.786278497,0.128963624,0.542879688,0.877268595,0.439277106,0.22397265,0.886365543,0.580147464,0.427395947,0.082273943,0.15296268,0.660533001,0.785310514,0.340240732,0.495577569,0.761690397,0.689484572,0.38688588,0.731540153,0.558397673,0.174034188,0.849058168,0.520830763,0.50622027,0.397554345,0.093088161,0.40572972,0.487801242,0.206868526,0.144353313,0.150146805,0.075290349,0.350853597,0.495414455,0.221225626,0.017444622,0.773027111,0.443574409,0.204211181,0.88973677,0.744150033,0.593342279,0.027905787,0.199000597,0.829943208,0.055447988,0.366013231,0.137604203,0.739744678,0.888251626,0.436403079,0.27700492,0.424696704,0.46320522,0.118285874,0.90654448,0.487634287,0.068735133,0.73306531,0.938797978,0.841127454,0.746559043,0.04922414,0.551629571,0.409856949,0.880953724,0.414375415,0.096454363,0.325447764,0.052643741,0.548494995,0.740950742,0.690489291,0.498025127,0.114502284,0.026266488,0.950656666,0.832458901,0.505716195,0.034218839,0.557007266,0.457400396,0.83382781,0.160717714,0.707909417,0.496390693,0.702086865,0.134061596,0.19767753,0.185733762,0.67981466,0.107751045
sub6,brain_region3,0.804819575,0.097207278,0.71302589,0.21382137,0.382861144,0.900818361,0.129550998,0.599725303,0.201033084,0.001209038,0.905251219,0.184831382,0.963570846,0.578589609,0.704183978,0.651509535,0.944157882,0.121733809,0.071367416,0.603365715,0.30440383,0.324090729,0.032408615,0.091017351,0.706881566,0.458223488,0.514154984,0.414770907,0.325543875,0.121414681,0.500696031,0.087613058,0.762336027,0.838402277,0.970893369,0.5788409,0.023859846,0.069728498,0.223144583,0.90486429,0.242235209,0.42139348,0.957303091,0.32743317,0.136024998,0.498975822,0.043880387,0.322716227,0.49763981,0.43879837,0.16420365,0.555123492,0.71557902,0.930800558,0.614112118,0.923747994,0.323059999,0.116904718,0.222039207,0.692136987,0.099558558,0.461400637,0.181665774,0.304389189,0.8871659,0.639415873,0.654293796,0.942974104,0.477502063,0.370115348,0.729531087,0.497008326,0.329535937,0.531914847,0.406143488,0.4626053,0.089569571,0.138099293,0.073749891,0.980490253,0.081951512,0.998056088,0.064110301,0.607033212,0.256152144,0.711731878,0.321929595,0.004421981,0.56975229,0.391670194,0.665566738,0.741006172,0.48726307,0.271721736,0.254265288,0.576254252,0.265976465,0.616866761,0.936361054,0.847478442
sub6,brain_region4,0.088145756,0.576889296,0.27564406,0.405042072,0.681351175,0.569739404,0.842165639,0.439591779,0.003557694,0.961817882,0.928106834,0.825992489,0.646025534,0.076279946,0.360705378,0.144741628,0.83199754,0.707253778,0.580447696,0.09607422,0.826141377,0.146703414,0.765178359,0.399585906,0.103261683,0.910139736,0.753290392,0.905290621,0.771679814,0.227749419,0.893557302,0.841184467,0.25019328,0.713169247,0.66981546,0.304679325,0.774473166,0.387284317,0.003801665,0.743669196,0.488625925,0.349794312,0.387394556,0.954186904,0.437954792,0.850887475,0.026314126,0.879770408,0.156680423,0.825585515,0.163137898,0.904803382,0.229196759,0.194284432,0.625128464,0.705255746,0.079223138,0.415380331,0.459372065,0.572361496,0.667950599,0.258813839,0.62636082,0.84373513,0.505197376,0.223650306,0.626473308,0.357531756,0.566309669,0.527874149,0.970511789,0.740092768,0.239808393,0.502013794,0.70743126,0.288336018,0.083610327,0.514212058,0.658276738,0.2202283,0.842998429,0.617617524,0.064798715,0.880715639,0.127904735,0.72955231,0.74245303,0.373609565,0.059508271,0.092165801,0.830659052,0.819017624,0.121519868,0.167315297,0.035402448,0.212105968,0.274167168,0.067127929,0.167888875,0.661029052
sub6,brain_region5,0.104811569,0.510856374,0.644438847,0.015780458,0.510904991,0.024797837,0.144222891,0.734950086,0.091127755,0.963436302,0.588747416,0.228890577,0.219936512,0.442994076,0.307158457,0.982590199,0.452486761,0.88588659,0.256956355,0.472962896,0.952202406,0.048680742,0.200909543,0.369026961,0.088838106,0.653979425,0.672179897,0.183895524,0.094149188,0.120605568,0.894200154,0.79780839,0.874315303,0.285351006,0.947350638,0.643594171,0.910090838,0.287553749,0.283834182,0.68611483,0.136284689,0.394518448,0.872787729,0.743768486,0.736875994,0.607651931,0.696451445,0.0385843,0.70082273,0.06370802,0.837736755,0.609085833,0.899100854,0.475755543,0.249549993,0.122161281,0.893009005,0.392518469,0.12060461,0.157790015,0.03662124,0.868903077,0.008967869,0.02136952,0.183770565,0.51603699,0.909342522,0.180148551,0.173055024,0.576798958,0.200943589,0.768960535,0.069532539,0.702581928,0.055419369,0.133686714,0.678907853,0.909902128,0.570115453,0.278111737,0.711111245,0.505078484,0.651750307,0.602086501,0.676519752,0.508713032,0.395618701,0.168721452,0.375571844,0.086701309,0.525010079,0.131071547,0.046047202,0.752083002,0.860077939,0.837009289,0.416517515,0.92584298,0.215730148,0.93790282
sub7,brain_region1,0.983852512,0.255644299,0.290967905,0.287441286,0.752441104,0.293926471,0.253022191,0.398284685,0.946492093,0.644650109,0.965116923,0.842449102,0.45921938,0.83299694,0.088856318,0.45305903,0.156023059,0.866080125,0.799597905,0.441086294,0.815311329,0.139735688,0.31869956,0.337927523,0.887421229,0.311927586,0.250231546,0.813587308,0.648353378,0.254463247,0.851833823,0.24845047,0.225732921,0.375783686,0.554819415,0.991205666,0.391885991,0.215561106,0.000338731,0.918408553,0.635187694,0.03457291,0.010089574,0.023040037,0.870526695,0.331636324,0.980801917,0.800285469,0.947025441,0.389691069,0.33728258,0.265245891,0.295872723,0.844380815,0.101416937,0.799167624,0.534049934,0.126750359,0.248759587,0.40778866,0.385776889,0.534479598,0.382106196,0.983016366,0.506917027,0.863877325,0.674710417,0.710125051,0.127883609,0.284247193,0.626740544,0.340211138,0.033591775,0.737475258,0.030801585,0.564522413,0.593781058,0.603637421,0.752283014,0.281437035,0.272941369,0.94079807,0.079227023,0.783882543,0.245027125,0.807779808,0.744239573,0.802258649,0.266160592,0.790472552,0.029442526,0.916879164,0.980184513,0.252860979,0.074281788,0.587547599,0.009786803,0.839321048,0.26496307,0.021202073
sub7,brain_region2,0.402596238,0.414335846,0.879023438,0.719274186,0.468949505,0.775678016,0.40600233,0.299498068,0.073011856,0.391239263,0.365141183,0.987203443,0.288649612,0.772834453,0.436734879,0.701068787,0.681788625,0.060102974,0.626063035,0.058441154,0.965161239,0.964723919,0.837362878,0.226035043,0.948941532,0.157871376,0.233606178,0.950315651,0.122493203,0.095693078,0.271933597,0.677795734,0.415350862,0.211966499,0.13577977,0.173911631,0.746912299,0.13933147,0.299481635,0.362242479,0.897315463,0.296713605,0.240571864,0.458949854,0.357577601,0.734654983,0.382473249,0.558016093,0.679499136,0.069640859,0.021756892,0.511836795,0.244964243,0.236820034,0.619527171,0.747028997,0.368565283,0.611371583,0.616399157,0.904688144,0.601428774,0.902264605,0.218291479,0.497957782,0.194984661,0.250395757,0.54155483,0.225066466,0.849049119,0.849717082,0.28414148,0.569241631,0.491652174,0.292675639,0.01036989,0.939778001,0.348021955,0.626698552,0.00470474,0.081695845,0.612249218,0.557692294,0.674637615,0.774182676,0.104535865,0.140802157,0.371086492,0.78633678,0.465684857,0.165492497,0.290681204,0.636577873,0.460603417,0.520037083,0.838288316,0.928540034,0.045506,0.145497951,0.795630053,0.85488181
sub7,brain_region3,0.558079287,0.606243882,0.428784161,0.998169698,0.216033089,0.88376913,0.00826941,0.64542398,0.381825959,0.638730707,0.006075013,0.259785005,0.813826044,0.701317058,0.995871732,0.984980598,0.120625535,0.906119342,0.470863741,0.506783913,0.933138603,0.356505927,0.341702638,0.783728424,0.415956615,0.975091631,0.770674537,0.394047466,0.020323813,0.071998732,0.89498935,0.066378904,0.873627463,0.052570674,0.198922588,0.656307355,0.780583197,0.665898079,0.299659637,0.140538856,0.697153411,0.455721374,0.899497279,0.329058936,0.216019731,0.926321879,0.173627348,0.19501953,0.117230986,0.806459959,0.552555612,0.324471032,0.260376484,0.618516677,0.505500534,0.353936586,0.175159411,0.643363231,0.682684319,0.489237331,0.680044383,0.356203074,0.885478529,0.940288127,0.256248965,0.125076019,0.05943992,0.162167352,0.52368457,0.863644195,0.021394147,0.055276424,0.413830329,0.596476906,0.748095267,0.887608835,0.7401432,0.69713612,0.560756812,0.045920054,0.457163591,0.983417635,0.989217575,0.623593524,0.11078402,0.874633595,0.10097626,0.372137661,0.790838189,0.236109708,0.95139174,0.703290339,0.05269116,0.025063252,0.796366121,0.935383668,0.551641195,0.344017536,0.891596214,0.125157833
sub7,brain_region4,0.942308729,0.541956918,0.599775975,0.374420447,0.803018146,0.370318412,0.545538472,0.872358014,0.521972203,0.948786689,0.044662962,0.360237527,0.330716978,0.791596726,0.309533812,0.742333241,0.823138607,0.176459212,0.932830258,0.453733067,0.071295077,0.568249012,0.946432126,0.393219295,0.926457397,0.972122247,0.655581116,0.798170238,0.490308778,0.114757742,0.326531767,0.836160344,0.817307005,0.557210839,0.192962486,0.303605035,0.391803867,0.602078629,0.040595061,0.169329845,0.814274742,0.886969101,0.255196391,0.154628878,0.489865725,0.869431893,0.785966958,0.597641641,0.587126821,0.035219583,0.98212074,0.303127833,0.080506637,0.271941774,0.780479823,0.899902547,0.584633035,0.826860346,0.602080239,0.026112167,0.389188517,0.630684799,0.498857786,0.036819553,0.510116949,0.872510152,0.351899826,0.383956229,0.623079633,0.447272082,0.699698008,0.650532597,0.98348292,0.11302609,0.690498938,0.274228915,0.18005942,0.287811387,0.687016289,0.102377034,0.790131063,0.237519284,0.773238348,0.299708479,0.484164242,0.320458266,0.050514614,0.303880259,0.25592806,0.597789427,0.378773151,0.765934354,0.735045909,0.7864635,0.538604351,0.332649011,0.433812525,0.861378816,0.42955209,0.153872539
sub7,brain_region5,0.860273982,0.456643619,0.546266261,0.738078268,0.164276236,0.385177181,0.202835066,0.258434175,0.718264004,0.842884004,0.108990395,0.056256765,0.421441727,0.336742392,0.776480101,0.536399474,0.794425079,0.703477311,0.617765177,0.880988594,0.462408895,0.14414943,0.67375359,0.935560171,0.469865743,0.472856839,0.115960253,0.71709067,0.453649531,0.019825456,0.28744458,0.295764693,0.683072016,0.925690671,0.337890438,0.636841674,0.790506303,0.413538943,0.031485148,0.982159755,0.312035156,0.011856534,0.563833667,0.532790673,0.774008891,0.233041982,0.387785871,0.293985024,0.722915281,0.291656487,0.442428894,0.651549812,0.160767715,0.79998703,0.030882918,0.9676279,0.168946947,0.994924431,0.022269297,0.534308895,0.318711314,0.260835056,0.85339412,0.163488064,0.895699985,0.975139899,0.931443901,0.777459791,0.874769589,0.894261809,0.5010516,0.432709873,0.861034702,0.512083352,0.384667298,0.37560592,0.348379847,0.955410331,0.052183803,0.923222112,0.257182266,0.104177043,0.362739605,0.694814829,0.099284968,0.107696842,0.901455062,0.379421061,0.656767603,0.407804895,0.920909259,0.325610612,0.855349262,0.347246421,0.825851478,0.007462419,0.894632852,0.681024763,0.499263898,0.615489025
sub8,brain_region1,0.200746106,0.50393839,0.575334945,0.31999002,0.404624243,0.663606837,0.47742577,0.231196605,0.279000714,0.394362031,0.954016947,0.358843814,0.658384928,0.909030488,0.861055057,0.302064016,0.912140402,0.372547778,0.77029365,0.297177059,0.753600868,0.270381571,0.17343409,0.200821069,0.918433908,0.54140575,0.791406655,0.499182341,0.956762625,0.996445465,0.706422423,0.85204006,0.698443523,0.161785282,0.662749535,0.052229271,0.426365056,0.885997825,0.246720346,0.6084234,0.960512062,0.911901196,0.084166588,0.251005868,0.728104288,0.750123619,0.040889261,0.223445034,0.054678411,0.456030061,0.82269796,0.137603413,0.22006219,0.527950281,0.430999951,0.772358458,0.044116181,0.740574868,0.595244018,0.038383828,0.382654767,0.3460027,0.222253457,0.582864531,0.384909608,0.925786848,0.908305133,0.839083102,0.618723715,0.74101687,0.969467518,0.064541027,0.508515511,0.518604775,0.349596403,0.22472424,0.784451993,0.770052673,0.165786113,0.635772459,0.964883197,0.203137613,0.498688841,0.770195239,0.355464117,0.468528433,0.553145197,0.9796957,0.424041313,0.567268016,0.589443033,0.032046324,0.18149155,0.663183508,0.375534387,0.537648081,0.35748635,0.44376227,0.801877758,0.954810657
sub8,brain_region2,0.071399985,0.313536174,0.505628936,0.838183407,0.740959196,0.525436804,0.771500119,0.573864089,0.574084511,0.745985932,0.926827201,0.630776147,0.753576863,0.841158845,0.263727979,0.641353618,0.997663201,0.216573451,0.025678809,0.834565982,0.618716004,0.418743464,0.813287612,0.820916946,0.919589563,0.609770598,0.504995365,0.864079402,0.522614688,0.894203695,0.357092547,0.679674799,0.789858872,0.458390874,0.148530772,0.235104967,0.576841745,0.70008684,0.626023356,0.450814784,0.838185526,0.605338745,0.799453216,0.408653359,0.519724822,0.086298208,0.320855199,0.374052633,0.955300286,0.693104634,0.681187204,0.711595667,0.666185555,0.669659478,0.987199406,0.209840124,0.250664827,0.571371116,0.897792703,0.626948901,0.217127825,0.984409518,0.555835499,0.722888514,0.710020963,0.746735612,0.647899141,0.695161436,0.10741572,0.037437061,0.622792961,0.470241741,0.547831355,0.677621074,0.53386218,0.848574654,0.337172273,0.684035902,0.79038937,0.323685435,0.984200162,0.516082712,0.792913219,0.257820873,0.706260308,0.962545671,0.148929069,0.532401669,0.877188997,0.515081432,0.550350716,0.223385319,0.520958977,0.386565828,0.045349011,0.683592241,0.129748527,0.719215436,0.92011665,0.703973373
sub8,brain_region3,0.971371565,0.529645087,0.580678031,0.650856873,0.80058057,0.636879067,0.411526384,0.408983542,0.00813244,0.118217877,0.760639596,0.98310526,0.47451821,0.886466691,0.03379143,0.839899976,0.27075769,0.756320642,0.647761585,0.822809777,0.947737658,0.551062924,0.109151364,0.047540832,0.717666798,0.327704237,0.702949467,0.280263172,0.82294409,0.178763499,0.311870395,0.308652097,0.15447003,0.862176023,0.407653011,0.833699393,0.411722899,0.042287838,0.942802904,0.444884705,0.987591759,0.005391512,0.358653889,0.212543709,0.096200788,0.997198843,0.305881936,0.698132923,0.7380944,0.8365545,0.051375802,0.50995696,0.587989946,0.04245422,0.852323436,0.990736056,0.64833573,0.256515043,0.148375963,0.999126523,0.84463033,0.182762013,0.838603533,0.115560203,0.598301769,0.034451824,0.257513521,0.58944063,0.895424356,0.142453234,0.156588749,0.21438276,0.78492268,0.030785527,0.748316006,0.235444471,0.788819618,0.68611231,0.373012511,0.675148893,0.733697423,0.386296006,0.348576035,0.285704207,0.822168882,0.566612983,0.459298398,0.260937525,0.599921935,0.149869516,0.581567883,0.004505134,0.632684108,0.391564353,0.072309955,0.034921821,0.067585079,0.78771139,0.048455536,0.232315456
sub8,brain_region4,0.577420952,0.377192716,0.387176907,0.474013484,0.821438,0.45346054,0.879941109,0.86668683,0.113870941,0.23147423,0.606404702,0.30330943,0.516687782,0.329785206,0.05946388,0.19544412,0.641520891,0.050610648,0.712702993,0.407081313,0.353009094,0.249319036,0.208447725,0.949181671,0.994238458,0.290409589,0.685240003,0.135031464,0.292203254,0.72512077,0.630989547,0.267744162,0.213299681,0.033979949,0.569385712,0.340720699,0.648830582,0.370052239,0.505885058,0.540442265,0.068470581,0.817862928,0.445404153,0.40001237,0.15322355,0.101311446,0.59612409,0.503431853,0.523224023,0.225174998,0.82515823,0.723301645,0.533550834,0.91260885,0.701722623,0.963954968,0.376105969,0.110275896,0.968048474,0.703643033,0.378464084,0.177612837,0.832744047,0.138046069,0.550638795,0.034777861,0.237710619,0.156698506,0.683310793,0.039831558,0.744851132,0.799215201,0.370260984,0.382889042,0.264545765,0.439108386,0.235152882,0.752362307,0.775440678,0.646499178,0.652371856,0.827493309,0.92261639,0.797918548,0.468453985,0.780868759,0.20629035,0.143902811,0.916392737,0.327893217,0.731922728,0.859263079,0.245289706,0.10320072,0.16163008,0.971904975,0.561308949,0.393179177,0.396488726,0.888048716
sub8,brain_region5,0.633230327,0.42188109,0.760371131,0.790926293,0.477726404,0.335823453,0.471288749,0.586460409,0.58283406,0.938678433,0.594103241,0.044885354,0.082506184,0.068250743,0.140253156,0.686483459,0.104528763,0.991778099,0.909621126,0.2575858,0.690677469,0.559672336,0.363870209,0.706170948,0.959654603,0.736563171,0.159208378,0.439763886,0.468257387,0.261282869,0.102128518,0.644267724,0.437013059,0.956630271,0.187562245,0.485897814,0.644888089,0.653705452,0.196817291,0.702277028,0.735960908,0.915868653,0.663659498,0.96433274,0.858429216,0.640307892,0.37925862,0.395551123,0.874712115,0.838743685,0.418096253,0.236272752,0.03790721,0.040121523,0.216705309,0.978408772,0.430777046,0.943277579,0.430795524,0.513010378,0.82570159,0.793384906,0.837392019,0.365385693,0.02467938,0.800458973,0.029706637,0.231617654,0.67135061,0.898191155,0.862249812,0.052778965,0.542544755,0.450303664,0.385667232,0.43554169,0.675068964,0.001777681,0.126311925,0.184959705,0.94254146,0.378511139,0.506621298,0.94779963,0.489930276,0.365073949,0.828117789,0.221165499,0.934733662,0.499375506,0.611032178,0.457357574,0.446285444,0.940831065,0.669000357,0.044689742,0.358110338,0.188251847,0.039472792,0.243165398
sub9,brain_region1,0.652854369,0.525800808,0.411195347,0.903854971,0.201903879,0.613075165,0.671724922,0.048471934,0.211516902,0.078242831,0.620754651,0.468848358,0.723555377,0.14753364,0.396218777,0.059210505,0.333861601,0.239032018,0.646542536,0.15201566,0.288307718,0.094386853,0.513561479,0.8592503,0.992486248,0.593515999,0.031119225,0.92576231,0.247758767,0.048137128,0.088589926,0.644452227,0.907268666,0.92215665,0.739167377,0.579210858,0.096886124,0.940522072,0.85025573,0.007481388,0.115806842,0.257823908,0.634213916,0.335545949,0.740768522,0.477437101,0.856109032,0.260248112,0.932791933,0.741771979,0.621952409,0.699739714,0.877157783,0.475642808,0.934258408,0.647026235,0.798726402,0.728877692,0.60603048,0.37825996,0.152253968,0.21955091,0.761725086,0.191879305,0.316588639,0.609289245,0.580742208,0.7760296,0.54089072,0.707460096,0.006474257,0.225892046,0.504678539,0.510200621,0.89790147,0.11159787,0.614778505,0.820727669,0.190039588,0.034383856,0.349999224,0.346988593,0.956082661,0.083605338,0.523498114,0.302363599,0.798926838,0.063406658,0.852253934,0.519983861,0.571708387,0.679001633,0.755466616,0.786980591,0.369250856,0.479533374,0.628038682,0.806102604,0.611562812,0.085723577
sub9,brain_region2,0.775254995,0.760568586,0.015060272,0.097600444,0.340636816,0.00936185,0.211323511,0.03785824,0.498164367,0.518477039,0.046221502,0.183802801,0.322034309,0.53631849,0.335351194,0.367486749,0.031204384,0.736088876,0.95663001,0.313139366,0.679940273,0.529304993,0.574606529,0.436578071,0.068922728,0.675279688,0.600277501,0.938514039,0.557502991,0.091707432,0.323195951,0.252349752,0.607682392,0.450301212,0.211917733,0.870933358,0.559610969,0.52120198,0.092792876,0.200431636,0.236460005,0.385861252,0.595204339,0.432667472,0.293616246,0.82956313,0.572414672,0.103955463,0.538208918,0.853142441,0.17592101,0.4421502,0.20425484,0.160083426,0.839193703,0.788849523,0.864837281,0.812660507,0.91929412,0.197487057,0.865841054,0.19180338,0.301772086,0.457257999,0.24204004,0.340526246,0.742002346,0.000728946,0.739182356,0.243717696,0.092820589,0.181315953,0.171537184,0.879333185,0.466086761,0.025553373,0.10126108,0.549269706,0.10050234,0.653842399,0.164843281,0.27720685,0.791988984,0.522082455,0.124715821,0.590836568,0.494315649,0.565764818,0.27714083,0.111782324,0.839292156,0.690874962,0.371995014,0.75405341,0.909387189,0.180947174,0.658631448,0.272572467,0.464028089,0.006701978
sub9,brain_region3,0.461925874,0.834652596,0.518400705,0.231476446,0.709999236,0.69637099,0.510295991,0.006468382,0.96610875,0.293146202,0.972701802,0.751549245,0.016249369,0.038665819,0.778444853,0.352883183,0.380288978,0.991032052,0.994748643,0.89680806,0.0589056,0.559317004,0.64989777,0.216229766,0.633186944,0.589854848,0.872156377,0.725105306,0.863928483,0.737833215,0.881548318,0.738626399,0.916551432,0.902299473,0.470192536,0.509372922,0.33159077,0.782270924,0.439038366,0.211829613,0.384252443,0.784978862,0.484591113,0.116869645,0.269956299,0.645132602,0.509975294,0.117624257,0.663198668,0.454000577,0.077871578,0.045169664,0.250517295,0.094736985,0.891458196,0.680681245,0.887974551,0.460290705,0.099018558,0.322232305,0.757196087,0.573009507,0.836343096,0.733626793,0.967892434,0.789114534,0.62371827,0.994778356,0.078256228,0.135636743,0.555965806,0.130578045,0.992384485,0.922132616,0.342338599,0.316507126,0.97989175,0.607125249,0.303383296,0.601376316,0.329448443,0.047791475,0.597362496,0.867374279,0.101762428,0.212233562,0.400983873,0.117164109,0.523752121,0.282748163,0.896071756,0.575720885,0.090047688,0.762872196,0.42013858,0.475349663,0.006898579,0.133321459,0.966311515,0.658439442
sub9,brain_region4,0.648546495,0.703573269,0.88051769,0.838885684,0.01985829,0.938085398,0.231515698,0.022919459,0.262651664,0.442760201,0.885881018,0.605196814,0.75567322,0.877220536,0.827795664,0.007157063,0.856770019,0.001848944,0.865397964,0.642334193,0.526645279,0.56894959,0.749931031,0.42504882,0.812005364,0.458310997,0.134290623,0.728667869,0.080727345,0.072888767,0.125470606,0.944136908,0.658677629,0.689749722,0.430727724,0.135383229,0.405465494,0.696333885,0.136639983,0.849249857,0.60015827,0.219657546,0.906511007,0.142694738,0.458567967,0.727828853,0.873823904,0.017042841,0.683041018,0.77800588,0.035230619,0.914932872,0.69624536,0.058106548,0.975075883,0.382219747,0.224610318,0.39462429,0.251310618,0.635164683,0.637872524,0.412235718,0.763515709,0.708149496,0.493641083,0.754403411,0.909676427,0.58187329,0.838321382,0.937353063,0.997323926,0.437452231,0.257615437,0.764680867,0.949323197,0.565828434,0.79942009,0.772810996,0.840999888,0.627878591,0.72064191,0.257872343,0.839263173,0.428286859,0.77579682,0.561466075,0.914035257,0.10508225,0.743835852,0.100714126,0.78656039,0.118269537,0.847311905,0.232150967,0.123218471,0.289818135,0.015944236,0.714809697,0.690580016,0.947722915
sub9,brain_region5,0.152421519,0.836371235,0.102273879,0.061906561,0.970897222,0.112664368,0.814172149,0.015766548,0.074653355,0.395913783,0.857736484,0.28422817,0.925870942,0.772722472,0.072156269,0.779021392,0.643464678,0.648914169,0.184763858,0.528846252,0.484631327,0.32839613,0.294163486,0.683894155,0.12414162,0.782748858,0.659522179,0.393714108,0.769857498,0.857857917,0.734556668,0.902086682,0.633696369,0.509487629,0.253068657,0.821217916,0.068669725,0.882243713,0.706920508,0.509264902,0.412257099,0.838212913,0.839304852,0.138571577,0.380713929,0.45380157,0.264754089,0.467131369,0.868404279,0.671185476,0.99603567,0.517340857,0.226802205,0.082034038,0.750941927,0.633970085,0.289073074,0.908083429,0.356796221,0.23327295,0.960933393,0.306056248,0.084003118,0.611740147,0.151676304,0.736881021,0.866009435,0.716481188,0.653560421,0.804794133,0.26544972,0.804919309,0.526138113,0.669342569,0.156922062,0.792077495,0.824854503,0.759594379,0.566817003,0.483438946,0.753673632,0.997418071,0.712944689,0.122332409,0.576861601,0.745111218,0.367973063,0.858447181,0.706048755,0.597468174,0.232701617,0.312765807,0.953474712,0.211067687,0.680234841,0.060971756,0.467378513,0.940056595,0.829981548,0.630967076
sub10,brain_region1,0.534634569,0.820368141,0.575116587,0.351229533,0.31583101,0.205287107,0.191072845,0.356236221,0.2725988,0.872455472,0.751508213,0.761456445,0.817847988,0.78127854,0.836516256,0.788854477,0.136523898,0.105586299,0.274760499,0.879982218,0.275172334,0.721013963,0.800840809,0.733400769,0.57160186,0.469165558,0.961696306,0.218612719,0.217207296,0.867386854,0.904043342,0.940901831,0.342727394,0.607577092,0.976600842,0.813939568,0.39234268,0.197668056,0.957533874,0.442817013,0.848111655,0.349227055,0.111905008,0.61330523,0.146428297,0.858898247,0.614584076,0.975927328,0.688781315,0.532460143,0.60834179,0.045075993,0.376884881,0.035938827,0.594162056,0.085388398,0.896404656,0.465893915,0.430145208,0.619163852,0.912543293,0.20188165,0.794006851,0.95355381,0.055795243,0.945912896,0.128985348,0.395860626,0.238947289,0.290545005,0.900862261,0.740647602,0.656590399,0.406209869,0.65285895,0.679971064,0.4315949,0.107359205,0.327603724,0.977518162,0.541347534,0.248651049,0.808196004,0.796060581,0.1019486,0.581395988,0.052855158,0.895146796,0.447603941,0.31519806,0.079959795,0.050406464,0.439702564,0.551423569,0.635021706,0.784372366,0.458331381,0.140524386,0.611847067,0.78092936
sub10,brain_region2,0.190088699,0.502883619,0.81562525,0.12435146,0.554976717,0.898592793,0.748951374,0.130246027,0.651379293,0.81824282,0.001077906,0.938040896,0.381180887,0.56238341,0.600350658,0.464456038,0.101359801,0.403279942,0.87742862,0.591150574,0.033614797,0.770019387,0.059807251,0.47243839,0.417633846,0.465601448,0.504905483,0.917023937,0.119263391,0.595618412,0.892262136,0.818463235,0.083570941,0.296169789,0.995283262,0.030869844,0.446975237,0.041249497,0.969879935,0.577480557,0.004476478,0.090071932,0.948606667,0.679270907,0.609470654,0.728736706,0.416282166,0.037778988,0.47226165,0.166024886,0.579556181,0.733266663,0.53480704,0.67032302,0.788786571,0.523651916,0.900208927,0.093495796,0.888313157,0.030138691,0.767460722,0.508875447,0.405177292,0.112848345,0.279162364,0.408979625,0.44626382,0.799659795,0.338957661,0.471282263,0.580379061,0.100485665,0.20398202,0.015277793,0.90992741,0.934978365,0.398788615,0.219832375,0.164396548,0.61003613,0.813796615,0.105975311,0.266529785,0.636304389,0.664207447,0.403934374,0.508132741,0.784200089,0.070037505,0.460595235,0.795241208,0.711204725,0.568896715,0.427714144,0.893486764,0.86181346,0.377256867,0.446790911,0.988870322,0.226788723
sub10,brain_region3,0.26583769,0.120880805,0.628399647,0.064184788,0.524824017,0.006575568,0.829491762,0.998579838,0.933577742,0.246951521,0.913410786,0.072990713,0.381863489,0.408968085,0.670886976,0.392058146,0.140761627,0.064469645,0.860648101,0.175556592,0.871037143,0.46975905,0.594197912,0.86697367,0.356770888,0.655132897,0.630424645,0.242031849,0.244989703,0.728478937,0.694649934,0.46903576,0.967840734,0.017753137,0.163272654,0.037971394,0.882338584,0.602461018,0.573802639,0.617373923,0.633828434,0.783300358,0.647981861,0.328252789,0.987013473,0.939785655,0.515491172,0.753860397,0.925949579,0.976563142,0.972441331,0.417517893,0.101820574,0.284201516,0.742238496,0.844913784,0.87447226,0.238774271,0.690856026,0.955046235,0.388958441,0.503235016,0.066097018,0.961967726,0.531582473,0.147996888,0.341868112,0.672783674,0.805672598,0.760533614,0.1420485,0.06719215,0.03734222,0.579429569,0.387982757,0.974574257,0.476020667,0.049201587,0.330491061,0.012202041,0.478442185,0.583453701,0.27254042,0.273770512,0.831945558,0.890657456,0.888678754,0.298359395,0.943539152,0.903883222,0.093888309,0.553668796,0.20206767,0.290878172,0.390307452,0.162442883,0.949950756,0.843329587,0.148002802,0.883435007
sub10,brain_region4,0.497214707,0.800692492,0.984414173,0.249195527,0.901951437,0.807629349,0.131540292,0.798134984,0.476166958,0.735125562,0.837739771,0.754059499,0.128282077,0.571689041,0.464125259,0.697082891,0.384661959,0.945948959,0.152016421,0.574338956,0.146460043,0.518206788,0.342079847,0.195972845,0.294549521,0.405648162,0.199090463,0.837329618,0.14746177,0.780994118,0.415508421,0.89246384,0.010348621,0.444237112,0.702126639,0.837508639,0.864823498,0.832162263,0.731304659,0.094211251,0.352255935,0.195797417,0.869268953,0.346098239,0.523853251,0.018289665,0.913330999,0.140934783,0.303229946,0.629357533,0.78326673,0.371717197,0.4560706,0.743337776,0.709499085,0.716407675,0.413632562,0.845340351,0.662453672,0.683365893,0.230926004,0.887718956,0.39149191,0.336405525,0.481140989,0.684861507,0.198034929,0.779026404,0.882176846,0.223321987,0.350210818,0.249809111,0.550288458,0.120928419,0.646370344,0.9397123,0.400748619,0.73668905,0.753293627,0.476854651,0.894998731,0.363901078,0.466855024,0.762130491,0.010317205,0.328246664,0.724478884,0.323413954,0.183923376,0.586804574,0.810980804,0.502856063,0.196768479,0.961351085,0.260628287,0.422581943,0.732387443,0.958824513,0.096032388,0.878579806
sub10,brain_region5,0.602443546,0.372845681,0.364248656,0.107951811,0.438421597,0.849868643,0.316241517,0.768924119,0.208202687,0.194880565,0.054164623,0.477187362,0.327834181,0.344523829,0.182715782,0.936836523,0.049635235,0.331815416,0.341381528,0.769275612,0.370336691,0.738183647,0.435679782,0.385443364,0.978605047,0.197384801,0.70393606,0.24352975,0.589830931,0.947368488,0.072924314,0.226778713,0.392533403,0.089010665,0.707285171,0.71533707,0.148298204,0.982334936,0.810428606,0.906596314,0.594617505,0.730946951,0.638783828,0.37561729,0.317481825,0.8875218,0.339758127,0.329759066,0.361748668,0.197659607,0.147739113,0.941528853,0.724661609,0.789114794,0.666637464,0.566853333,0.023370963,0.745893292,0.685178596,0.63116122,0.483890554,0.692529721,0.177210471,0.934547669,0.801367162,0.031075257,0.47636702,0.041223033,0.448750521,0.327215571,0.791488754,0.283584564,0.30680701,0.840646054,0.289869162,0.008890786,0.366224726,0.534231037,0.721573912,0.974312457,0.320551292,0.237942398,0.496871347,0.536729614,0.792883283,0.309573284,0.953764559,0.10590489,0.159221741,0.376802414,0.041378743,0.621930542,0.919439517,0.258701697,0.718203964,0.218855501,0.739845331,0.375571881,0.285176982,0.339228766