City1,City2,dist_hometown
"Santa Cruz, CA","Itajaí, Brazil",6481.338871565751
"Santa Cruz, CA","Concord, MA",2682.182497294727
"Santa Cruz, CA","Westford, MA",2676.3639039406394
"Santa Cruz, CA","Glasgow, United Kingdom",5065.854364694715
"Santa Cruz, CA","Philadelphia, PA",2516.8978398642093
"Santa Cruz, CA","Goshen, IN",1948.0058698220096
"Santa Cruz, CA","Calgary, Canada",1042.4410940164726
"Santa Cruz, CA","Shiraz, Iran",7831.456763110522
"Santa Cruz, CA","Chevy Chase, MD",2428.9443010010855
"Santa Cruz, CA","Austin, TX",1468.5578788237306
"Santa Cruz, CA","Houston, TX",1612.4990233763533
"Santa Cruz, CA","Buenos Aires, Argentina",6401.974634720556
"Santa Cruz, CA","Newburyport, MA",2701.685404515843
"Santa Cruz, CA","Bishkek, Kyrgyzstan",6832.103206877794
"Santa Cruz, CA","Baldwinsville, NY",2424.76296155153
"Santa Cruz, CA","Latrobe, PA",2292.3526655594865
"Santa Cruz, CA","Moab, UT",688.4091769512858
"Santa Cruz, CA","Delhi, India",7745.463585642488
"Santa Cruz, CA","Highland, UT",597.8571835285559
"Santa Cruz, CA","Little Silver, NJ",2569.977008687982
"Santa Cruz, CA","Grand Junction, CO",744.5345092522394
"Santa Cruz, CA","Moscow, Russia",5936.667099450638
"Santa Cruz, CA","Los Angeles, CA",295.34527418428075
"Santa Cruz, CA","Panhandle, TX",1155.49625409876
"Santa Cruz, CA","Kolkata, India",7880.035869593556
"Santa Cruz, CA","Randolph, MA",2701.1941758090106
"Santa Cruz, CA","Celina, OH",2019.0101304571813
"Santa Cruz, CA","Patna, India",7775.319615438711
"Santa Cruz, CA","Naches, WA",671.4224364216386
"Santa Cruz, CA","Sydney, Australia",7411.717799375535
"Santa Cruz, CA","Anchorage, AK",2061.947721110621
"Santa Cruz, CA","Glendale, AZ",604.3138594950819
"Santa Cruz, CA","Ajmer, India",7930.080360128168
"Santa Cruz, CA","Marietta, GA",2107.933996591693
"Santa Cruz, CA","Lima, Peru",4465.388439240256
"Santa Cruz, CA","Melbourne, Australia",7852.360906771773
"Santa Cruz, CA","London, United Kingdom",5397.19878070636
"Santa Cruz, CA","Charlottesville, VA",2368.429692167764
"Santa Cruz, CA","Beijing, People's Republic of China",5957.345058677697
"Santa Cruz, CA","Jamshedpur, India",7924.7133133315265
"Itajaí, Brazil","Concord, MA",4986.952463748467
"Itajaí, Brazil","Westford, MA",4996.23770179318
"Itajaí, Brazil","Glasgow, United Kingdom",6268.877983842473
"Itajaí, Brazil","Philadelphia, PA",4905.824367631406
"Itajaí, Brazil","Goshen, IN",5278.431316706594
"Itajaí, Brazil","Calgary, Canada",6675.762786279618
"Itajaí, Brazil","Shiraz, Iran",7734.5666820695005
"Itajaí, Brazil","Chevy Chase, MD",4890.379710240683
"Itajaí, Brazil","Austin, TX",5098.530639974308
"Itajaí, Brazil","Houston, TX",4974.307138014287
"Itajaí, Brazil","Buenos Aires, Argentina",787.1000002632983
"Itajaí, Brazil","Newburyport, MA",5001.147813858974
"Itajaí, Brazil","Bishkek, Kyrgyzstan",9103.966703023663
"Itajaí, Brazil","Baldwinsville, NY",5131.777514254037
"Itajaí, Brazil","Latrobe, PA",5028.948518229509
"Itajaí, Brazil","Moab, UT",5981.073674072841
"Itajaí, Brazil","Delhi, India",9154.053876571197
"Itajaí, Brazil","Highland, UT",6154.162534833872
"Itajaí, Brazil","Little Silver, NJ",4905.486172990197
"Itajaí, Brazil","Grand Junction, CO",5961.180467930506
"Itajaí, Brazil","Moscow, Russia",7584.521767738023
"Itajaí, Brazil","Los Angeles, CA",6192.808602776867
"Itajaí, Brazil","Panhandle, TX",5494.519487529875
"Itajaí, Brazil","Kolkata, India",9740.882760811244
"Itajaí, Brazil","Randolph, MA",4962.0933370979765
"Itajaí, Brazil","Celina, OH",5182.418815990112
"Itajaí, Brazil","Patna, India",9591.688111654901
"Itajaí, Brazil","Naches, WA",6767.67586980078
"Itajaí, Brazil","Sydney, Australia",8053.396862463891
"Itajaí, Brazil","Anchorage, AK",8192.89745107173
"Itajaí, Brazil","Glendale, AZ",5886.571617363913
"Itajaí, Brazil","Ajmer, India",8969.830026805952
"Itajaí, Brazil","Marietta, GA",4802.124738752324
"Itajaí, Brazil","Lima, Peru",2106.1149585835
"Itajaí, Brazil","Melbourne, Australia",7892.174406829997
"Itajaí, Brazil","London, United Kingdom",6149.345256136931
"Itajaí, Brazil","Charlottesville, VA",4866.917598384423
"Itajaí, Brazil","Beijing, People's Republic of China",11182.668180685103
"Itajaí, Brazil","Jamshedpur, India",9611.934474323056
"Concord, MA","Westford, MA",9.37003775332935
"Concord, MA","Glasgow, United Kingdom",3045.4631871525567
"Concord, MA","Philadelphia, PA",263.5225233162627
"Concord, MA","Goshen, IN",746.996129230949
"Concord, MA","Calgary, Canada",2080.0870147448068
"Concord, MA","Shiraz, Iran",6326.990431275934
"Concord, MA","Chevy Chase, MD",384.9598815854775
"Concord, MA","Austin, TX",1684.5561613719487
"Concord, MA","Houston, TX",1595.039398932775
"Concord, MA","Buenos Aires, Argentina",5365.3771834406025
"Concord, MA","Newburyport, MA",34.04865685654967
"Concord, MA","Bishkek, Kyrgyzstan",6188.923872868447
"Concord, MA","Baldwinsville, NY",257.79629574927594
"Concord, MA","Latrobe, PA",442.793053654
"Concord, MA","Moab, UT",2012.0394847791838
"Concord, MA","Delhi, India",7146.231657996999
"Concord, MA","Highland, UT",2084.7065215292805
"Concord, MA","Little Silver, NJ",202.8016802440539
"Concord, MA","Grand Junction, CO",1950.7389751124522
"Concord, MA","Moscow, Russia",4507.13088572749
"Concord, MA","Los Angeles, CA",2581.279768180378
"Concord, MA","Panhandle, TX",1681.4213997504746
"Concord, MA","Kolkata, India",7773.413817305169
"Concord, MA","Randolph, MA",25.90504117038997
"Concord, MA","Celina, OH",697.709417194668
"Concord, MA","Patna, India",7513.606469285837
"Concord, MA","Naches, WA",2412.2900687651295
"Concord, MA","Sydney, Australia",10075.727550296084
"Concord, MA","Anchorage, AK",3362.445337640941
"Concord, MA","Glendale, AZ",2288.167925061511
"Concord, MA","Ajmer, India",7217.948897598804
"Concord, MA","Marietta, GA",925.6721511229805
"Concord, MA","Lima, Peru",3768.424783036457
"Concord, MA","Melbourne, Australia",10506.913671663844
"Concord, MA","London, United Kingdom",3287.810171664333
"Concord, MA","Charlottesville, VA",484.97004103278346
"Concord, MA","Beijing, People's Republic of China",6721.5295756371925
"Concord, MA","Jamshedpur, India",7718.429185636924
"Westford, MA","Glasgow, United Kingdom",3043.3887758409974
"Westford, MA","Philadelphia, PA",265.4390068047038
"Westford, MA","Goshen, IN",742.4671668622872
"Westford, MA","Calgary, Canada",2071.9391826308747
"Westford, MA","Shiraz, Iran",6324.583863987494
"Westford, MA","Chevy Chase, MD",386.3266269337784
"Westford, MA","Austin, TX",1683.3277328128904
"Westford, MA","Houston, TX",1594.4935193054453
"Westford, MA","Buenos Aires, Argentina",5374.284828880243
"Westford, MA","Newburyport, MA",32.590436455985106
"Westford, MA","Bishkek, Kyrgyzstan",6183.3061896487625
"Westford, MA","Baldwinsville, NY",251.6950905935342
"Westford, MA","Latrobe, PA",440.9159874900078
"Westford, MA","Moab, UT",2006.7680422508442
"Westford, MA","Delhi, India",7141.125864548621
"Westford, MA","Highland, UT",2078.8209276021207
"Westford, MA","Little Silver, NJ",205.64491051537254
"Westford, MA","Grand Junction, CO",1945.4094017506472
"Westford, MA","Moscow, Russia",4503.183658914644
"Westford, MA","Los Angeles, CA",2576.333362520951
"Westford, MA","Panhandle, TX",1677.9244915203528
"Westford, MA","Kolkata, India",7767.28281521524
"Westford, MA","Randolph, MA",35.19757829738639
"Westford, MA","Celina, OH",694.174812289752
"Westford, MA","Patna, India",7507.735719236134
"Westford, MA","Naches, WA",2404.7803794899332
"Westford, MA","Sydney, Australia",10071.117560608223
"Westford, MA","Anchorage, AK",3353.2211426299914
"Westford, MA","Glendale, AZ",2283.910000385691
"Westford, MA","Ajmer, India",7213.262689377006
"Westford, MA","Marietta, GA",926.7016400827202
"Westford, MA","Lima, Peru",3776.0264788739314
"Westford, MA","Melbourne, Australia",10502.725398818759
"Westford, MA","London, United Kingdom",3286.532983538618
"Westford, MA","Charlottesville, VA",486.3203999002569
"Westford, MA","Beijing, People's Republic of China",6712.904441273516
"Westford, MA","Jamshedpur, India",7712.546926913447
"Glasgow, United Kingdom","Philadelphia, PA",3308.8275956565717
"Glasgow, United Kingdom","Goshen, IN",3627.2713899492082
"Glasgow, United Kingdom","Calgary, Canada",4047.691995542956
"Glasgow, United Kingdom","Shiraz, Iran",3283.856462774204
"Glasgow, United Kingdom","Chevy Chase, MD",3429.0018981915155
"Glasgow, United Kingdom","Austin, TX",4652.03842075077
"Glasgow, United Kingdom","Houston, TX",4592.972237778629
"Glasgow, United Kingdom","Buenos Aires, Argentina",6997.765477466928
"Glasgow, United Kingdom","Newburyport, MA",3011.4978957246512
"Glasgow, United Kingdom","Bishkek, Kyrgyzstan",3465.106594072672
"Glasgow, United Kingdom","Baldwinsville, NY",3201.40247595593
"Glasgow, United Kingdom","Latrobe, PA",3450.761900773527
"Glasgow, United Kingdom","Moab, UT",4600.058141781067
"Glasgow, United Kingdom","Delhi, India",4289.303958384292
"Glasgow, United Kingdom","Highland, UT",4567.279246806063
"Glasgow, United Kingdom","Little Silver, NJ",3247.895067403928
"Glasgow, United Kingdom","Grand Junction, CO",4541.199128709452
"Glasgow, United Kingdom","Moscow, Russia",1608.4321315038442
"Glasgow, United Kingdom","Los Angeles, CA",5130.303217479294
"Glasgow, United Kingdom","Panhandle, TX",4504.7582975779
"Glasgow, United Kingdom","Kolkata, India",5044.581023701049
"Glasgow, United Kingdom","Randolph, MA",3047.4728848868076
"Glasgow, United Kingdom","Celina, OH",3632.115403411292
"Glasgow, United Kingdom","Patna, India",4754.814979702795
"Glasgow, United Kingdom","Naches, WA",4466.549949531524
"Glasgow, United Kingdom","Sydney, Australia",10516.233454857016
"Glasgow, United Kingdom","Anchorage, AK",4149.466821569118
"Glasgow, United Kingdom","Glendale, AZ",4968.86402203055
"Glasgow, United Kingdom","Ajmer, India",4307.77540217428
"Glasgow, United Kingdom","Marietta, GA",3965.7572781534827
"Glasgow, United Kingdom","Lima, Peru",6252.84019587459
"Glasgow, United Kingdom","Melbourne, Australia",10543.351204140246
"Glasgow, United Kingdom","London, United Kingdom",345.2567892814561
"Glasgow, United Kingdom","Charlottesville, VA",3528.709375464202
"Glasgow, United Kingdom","Beijing, People's Republic of China",4961.338912134175
"Glasgow, United Kingdom","Jamshedpur, India",4950.465373883497
"Philadelphia, PA","Goshen, IN",570.6309813268525
"Philadelphia, PA","Calgary, Canada",2009.5859258246796
"Philadelphia, PA","Shiraz, Iran",6589.8454846724335
"Philadelphia, PA","Chevy Chase, MD",122.65740821051344
"Philadelphia, PA","Austin, TX",1436.9216729574557
"Philadelphia, PA","Houston, TX",1341.1858130772184
"Philadelphia, PA","Buenos Aires, Argentina",5239.61703234629
"Philadelphia, PA","Newburyport, MA",297.40355060022324
"Philadelphia, PA","Bishkek, Kyrgyzstan",6425.703878629928
"Philadelphia, PA","Baldwinsville, NY",229.39460284639875
"Philadelphia, PA","Latrobe, PA",224.892568581237
"Philadelphia, PA","Moab, UT",1834.8721357505308
"Philadelphia, PA","Delhi, India",7389.902840538594
"Philadelphia, PA","Highland, UT",1924.2237517527567
"Philadelphia, PA","Little Silver, NJ",64.78107969723357
"Philadelphia, PA","Grand Junction, CO",1775.4745616858802
"Philadelphia, PA","Moscow, Russia",4762.900101511583
"Philadelphia, PA","Los Angeles, CA",2393.485427979306
"Philadelphia, PA","Panhandle, TX",1466.6281319554914
"Philadelphia, PA","Kolkata, India",8000.582974022798
"Philadelphia, PA","Randolph, MA",263.7967577808975
"Philadelphia, PA","Celina, OH",498.75961412590107
"Philadelphia, PA","Patna, India",7745.655277506555
"Philadelphia, PA","Naches, WA",2308.001957967559
"Philadelphia, PA","Sydney, Australia",9869.44620793969
"Philadelphia, PA","Anchorage, AK",3373.355220559067
"Philadelphia, PA","Glendale, AZ",2085.894125479984
"Philadelphia, PA","Ajmer, India",7466.572330595296
"Philadelphia, PA","Marietta, GA",663.4248490495999
"Philadelphia, PA","Lima, Peru",3580.0272634122857
"Philadelphia, PA","Melbourne, Australia",10291.627432543397
"Philadelphia, PA","London, United Kingdom",3551.0113230311295
"Philadelphia, PA","Charlottesville, VA",222.2703285038149
"Philadelphia, PA","Beijing, People's Republic of China",6867.354785926129
"Philadelphia, PA","Jamshedpur, India",7950.1673553681185
"Goshen, IN","Calgary, Canada",1488.03743400527
"Goshen, IN","Shiraz, Iran",6861.085398931923
"Goshen, IN","Chevy Chase, MD",495.7200172845034
"Goshen, IN","Austin, TX",1024.7801769045216
"Goshen, IN","Houston, TX",974.4536447400714
"Goshen, IN","Buenos Aires, Argentina",5523.4432338306015
"Goshen, IN","Newburyport, MA",771.0051522668655
"Goshen, IN","Bishkek, Kyrgyzstan",6491.327145513645
"Goshen, IN","Baldwinsville, NY",497.9840336159554
"Goshen, IN","Latrobe, PA",348.52988055809135
"Goshen, IN","Moab, UT",1269.6255174594778
"Goshen, IN","Delhi, India",7479.640491243676
"Goshen, IN","Highland, UT",1354.0022340732426
"Goshen, IN","Little Silver, NJ",622.0819013561686
"Goshen, IN","Grand Junction, CO",1209.2396168279327
"Goshen, IN","Moscow, Russia",4963.353024371896
"Goshen, IN","Los Angeles, CA",1835.4221193435922
"Goshen, IN","Panhandle, TX",944.5839393353872
"Goshen, IN","Kolkata, India",8000.881011060402
"Goshen, IN","Randolph, MA",763.1511186933327
"Goshen, IN","Celina, OH",97.31806780821161
"Goshen, IN","Patna, India",7771.507953726306
"Goshen, IN","Naches, WA",1753.9007475729986
"Goshen, IN","Sydney, Australia",9328.733974639676
"Goshen, IN","Anchorage, AK",2932.31613098663
"Goshen, IN","Glendale, AZ",1541.8862914301185
"Goshen, IN","Ajmer, India",7585.196307984454
"Goshen, IN","Marietta, GA",531.0334722592906
"Goshen, IN","Lima, Peru",3733.0824402375897
"Goshen, IN","Melbourne, Australia",9760.570286600292
"Goshen, IN","London, United Kingdom",3903.0879563912345
"Goshen, IN","Charlottesville, VA",461.7578372688311
"Goshen, IN","Beijing, People's Republic of China",6632.715974729247
"Goshen, IN","Jamshedpur, India",7971.552826774432
"Calgary, Canada","Shiraz, Iran",6819.033854246407
"Calgary, Canada","Chevy Chase, MD",1966.5788327531664
"Calgary, Canada","Austin, TX",1661.7998897489354
"Calgary, Canada","Houston, TX",1757.771510201068
"Calgary, Canada","Buenos Aires, Argentina",6795.5257612480655
"Calgary, Canada","Newburyport, MA",2087.802222058256
"Calgary, Canada","Bishkek, Kyrgyzstan",5942.778553163863
"Calgary, Canada","Baldwinsville, NY",1838.1476008224395
"Calgary, Canada","Latrobe, PA",1813.2011667646807
"Calgary, Canada","Moab, UT",888.8507232909867
"Calgary, Canada","Delhi, India",6903.662298797612
"Calgary, Canada","Highland, UT",741.4029227029312
"Calgary, Canada","Little Silver, NJ",2042.7069835273853
"Calgary, Canada","Grand Junction, CO",869.1337836041139
"Calgary, Canada","Moscow, Russia",4905.228662766214
"Calgary, Canada","Los Angeles, CA",1191.6529582881526
"Calgary, Canada","Panhandle, TX",1254.759608199071
"Calgary, Canada","Kolkata, India",7182.8710769020445
"Calgary, Canada","Randolph, MA",2104.300943120529
"Calgary, Canada","Celina, OH",1583.6126209955978
"Calgary, Canada","Patna, India",7026.25977017843
"Calgary, Canada","Naches, WA",424.529193532966
"Calgary, Canada","Sydney, Australia",8174.982057268884
"Calgary, Canada","Anchorage, AK",1526.7866713235392
"Calgary, Canada","Glendale, AZ",1212.0558462042318
"Calgary, Canada","Ajmer, India",7068.551045354616
"Calgary, Canada","Marietta, GA",1892.2783227173147
"Calgary, Canada","Lima, Peru",4881.06197616322
"Calgary, Canada","Melbourne, Australia",8616.802505329813
"Calgary, Canada","London, United Kingdom",4384.5800058208815
"Calgary, Canada","Charlottesville, VA",1947.8357468690792
"Calgary, Canada","Beijing, People's Republic of China",5451.3928137552875
"Calgary, Canada","Jamshedpur, India",7200.065263165989
"Shiraz, Iran","Chevy Chase, MD",6708.914496311101
"Shiraz, Iran","Austin, TX",7873.863180518281
"Shiraz, Iran","Houston, TX",7835.499104173418
"Shiraz, Iran","Buenos Aires, Argentina",8459.876361144085
"Shiraz, Iran","Newburyport, MA",6292.96190279479
"Shiraz, Iran","Bishkek, Kyrgyzstan",1527.1889839563023
"Shiraz, Iran","Baldwinsville, NY",6469.808222682619
"Shiraz, Iran","Latrobe, PA",6721.125458555503
"Shiraz, Iran","Moab, UT",7600.407076329956
"Shiraz, Iran","Delhi, India",1488.5357000611334
"Shiraz, Iran","Highland, UT",7508.948855222279
"Shiraz, Iran","Little Silver, NJ",6529.7198849423485
"Shiraz, Iran","Grand Junction, CO",7552.449862711466
"Shiraz, Iran","Moscow, Russia",1941.1151550933569
"Shiraz, Iran","Los Angeles, CA",8010.6862012301135
"Shiraz, Iran","Panhandle, TX",7652.511570906735
"Shiraz, Iran","Kolkata, India",2269.6403596196665
"Shiraz, Iran","Randolph, MA",6329.82128011941
"Shiraz, Iran","Celina, OH",6879.675851535078
"Shiraz, Iran","Patna, India",2011.0241521134922
"Shiraz, Iran","Naches, WA",7160.035422659134
"Shiraz, Iran","Sydney, Australia",7775.5269763753895
"Shiraz, Iran","Anchorage, AK",6049.3535954404815
"Shiraz, Iran","Glendale, AZ",7974.4253741212715
"Shiraz, Iran","Ajmer, India",1365.3508870885157
"Shiraz, Iran","Marietta, GA",7241.361173599179
"Shiraz, Iran","Lima, Peru",8998.68060655392
"Shiraz, Iran","Melbourne, Australia",7552.051905672363
"Shiraz, Iran","London, United Kingdom",3070.3467662603343
"Shiraz, Iran","Charlottesville, VA",6808.170372794548
"Shiraz, Iran","Beijing, People's Republic of China",3622.149784827395
"Shiraz, Iran","Jamshedpur, India",2134.557666636862
"Chevy Chase, MD","Austin, TX",1317.1099194619455
"Chevy Chase, MD","Houston, TX",1219.5791127608275
"Chevy Chase, MD","Buenos Aires, Argentina",5201.50269367214
"Chevy Chase, MD","Newburyport, MA",418.6100995257794
"Chevy Chase, MD","Bishkek, Kyrgyzstan",6525.096195746205
"Chevy Chase, MD","Baldwinsville, NY",290.9223697459831
"Chevy Chase, MD","Latrobe, PA",153.38138070822546
"Chevy Chase, MD","Moab, UT",1743.6085690532977
"Chevy Chase, MD","Delhi, India",7493.335916649591
"Chevy Chase, MD","Highland, UT",1840.1543813333492
"Chevy Chase, MD","Little Silver, NJ",187.02569948287544
"Chevy Chase, MD","Grand Junction, CO",1685.2945967645098
"Chevy Chase, MD","Moscow, Russia",4875.4738073875305
"Chevy Chase, MD","Los Angeles, CA",2296.1024414332924
"Chevy Chase, MD","Panhandle, TX",1359.877526397471
"Chevy Chase, MD","Kolkata, India",8093.216729708792
"Chevy Chase, MD","Randolph, MA",386.2346170600226
"Chevy Chase, MD","Celina, OH",412.80139528912787
"Chevy Chase, MD","Patna, India",7841.461818935804
"Chevy Chase, MD","Naches, WA",2247.9862697898743
"Chevy Chase, MD","Sydney, Australia",9759.726535622607
"Chevy Chase, MD","Anchorage, AK",3362.7437760188136
"Chevy Chase, MD","Glendale, AZ",1982.9799117823134
"Chevy Chase, MD","Ajmer, India",7573.35471345281
"Chevy Chase, MD","Marietta, GA",540.9917515537874
"Chevy Chase, MD","Lima, Peru",3510.9913388700847
"Chevy Chase, MD","Melbourne, Australia",10178.682733457897
"Chevy Chase, MD","London, United Kingdom",3672.767992407787
"Chevy Chase, MD","Charlottesville, VA",100.01063993791537
"Chevy Chase, MD","Beijing, People's Republic of China",6916.161674471439
"Chevy Chase, MD","Jamshedpur, India",8045.660872265256
"Austin, TX","Houston, TX",146.72990195637985
"Austin, TX","Buenos Aires, Argentina",5145.779411382735
"Austin, TX","Newburyport, MA",1715.5857062018786
"Austin, TX","Bishkek, Kyrgyzstan",7373.90223562108
"Austin, TX","Baldwinsville, NY",1476.716243485379
"Austin, TX","Latrobe, PA",1243.5572140233362
"Austin, TX","Moab, UT",882.9336630985745
"Austin, TX","Delhi, India",8365.928384237503
"Austin, TX","Highland, UT",1055.632174414659
"Austin, TX","Little Silver, NJ",1501.5621559870447
"Austin, TX","Grand Junction, CO",863.2651734148369
"Austin, TX","Moscow, Russia",5957.572558115923
"Austin, TX","Los Angeles, CA",1227.1685146341533
"Austin, TX","Panhandle, TX",408.64971981549337
"Austin, TX","Kolkata, India",8774.101176551481
"Austin, TX","Randolph, MA",1691.9915687118828
"Austin, TX","Celina, OH",1024.83603561871
"Austin, TX","Patna, India",8582.83017160869
"Austin, TX","Naches, WA",1672.7473901156711
"Austin, TX","Sydney, Australia",8467.652763765822
"Austin, TX","Anchorage, AK",3169.6695019565846
"Austin, TX","Glendale, AZ",877.3561345948219
"Austin, TX","Ajmer, India",8496.147041199967
"Austin, TX","Marietta, GA",813.5393818737125
"Austin, TX","Lima, Peru",3220.6396182803765
"Austin, TX","Melbourne, Australia",8873.731751814412
"Austin, TX","London, United Kingdom",4925.6887541951655
"Austin, TX","Charlottesville, VA",1223.4556084529622
"Austin, TX","Beijing, People's Republic of China",7113.1720309432885
"Austin, TX","Jamshedpur, India",8771.408975551774
"Houston, TX","Buenos Aires, Argentina",5040.289774524675
"Houston, TX","Newburyport, MA",1627.0036818066255
"Houston, TX","Bishkek, Kyrgyzstan",7392.225171692873
"Houston, TX","Baldwinsville, NY",1400.1825573773037
"Houston, TX","Latrobe, PA",1159.0931830085005
"Houston, TX","Moab, UT",1012.3520085615232
"Houston, TX","Delhi, India",8385.098348107287
"Houston, TX","Highland, UT",1182.5300255700142
"Houston, TX","Little Silver, NJ",1405.9603955956234
"Houston, TX","Grand Junction, CO",988.0170998911383
"Houston, TX","Moscow, Russia",5931.955019570741
"Houston, TX","Los Angeles, CA",1373.5288708174646
"Houston, TX","Panhandle, TX",520.6517511912106
"Houston, TX","Kolkata, India",8823.285844799248
"Houston, TX","Randolph, MA",1600.6596031161855
"Houston, TX","Celina, OH",961.1911602514906
"Houston, TX","Patna, India",8622.62146961486
"Houston, TX","Naches, WA",1793.5998924088058
"Houston, TX","Sydney, Australia",8585.270488826505
"Houston, TX","Anchorage, AK",3275.4271865243977
"Houston, TX","Glendale, AZ",1023.5482974690123
"Houston, TX","Ajmer, India",8507.804608142966
"Houston, TX","Marietta, GA",698.2092884517868
"Houston, TX","Lima, Peru",3124.3584384160085
"Houston, TX","Melbourne, Australia",8986.06028252381
"Houston, TX","London, United Kingdom",4858.896848909808
"Houston, TX","Charlottesville, VA",1123.1411063384303
"Houston, TX","Beijing, People's Republic of China",7205.86503198398
"Houston, TX","Jamshedpur, India",8814.509244360112
"Buenos Aires, Argentina","Newburyport, MA",5384.894158824045
"Buenos Aires, Argentina","Bishkek, Kyrgyzstan",9876.015156599884
"Buenos Aires, Argentina","Baldwinsville, NY",5468.992157575702
"Buenos Aires, Argentina","Latrobe, PA",5325.0542897451105
"Buenos Aires, Argentina","Moab, UT",6005.079172581671
"Buenos Aires, Argentina","Delhi, India",9816.024737157468
"Buenos Aires, Argentina","Highland, UT",6180.179890535477
"Buenos Aires, Argentina","Little Silver, NJ",5251.351843401381
"Buenos Aires, Argentina","Grand Junction, CO",5997.410331003747
"Buenos Aires, Argentina","Moscow, Russia",8362.594858443681
"Buenos Aires, Argentina","Los Angeles, CA",6106.672360133489
"Buenos Aires, Argentina","Panhandle, TX",5554.003493075327
"Buenos Aires, Argentina","Kolkata, India",10274.784561213499
"Buenos Aires, Argentina","Randolph, MA",5342.2344644077175
"Buenos Aires, Argentina","Celina, OH",5432.281708101503
"Buenos Aires, Argentina","Patna, India",10189.201266814125
"Buenos Aires, Argentina","Naches, WA",6803.267220433385
"Buenos Aires, Argentina","Sydney, Australia",7345.193809231449
"Buenos Aires, Argentina","Anchorage, AK",8315.167249553224
"Buenos Aires, Argentina","Glendale, AZ",5840.035913505193
"Buenos Aires, Argentina","Ajmer, India",9616.429902126803
"Buenos Aires, Argentina","Marietta, GA",5010.266636933542
"Buenos Aires, Argentina","Lima, Peru",1942.5264729757675
"Buenos Aires, Argentina","Melbourne, Australia",7227.232910057919
"Buenos Aires, Argentina","London, United Kingdom",6900.441366107422
"Buenos Aires, Argentina","Charlottesville, VA",5159.8756094011815
"Buenos Aires, Argentina","Beijing, People's Republic of China",11956.716111431442
"Buenos Aires, Argentina","Jamshedpur, India",10162.485257249013
"Newburyport, MA","Bishkek, Kyrgyzstan",6156.926032770728
"Newburyport, MA","Baldwinsville, NY",277.2163992708557
"Newburyport, MA","Latrobe, PA",472.85985076030727
"Newburyport, MA","Moab, UT",2033.538562818322
"Newburyport, MA","Delhi, India",7113.524693964185
"Newburyport, MA","Highland, UT",2103.988947247512
"Newburyport, MA","Little Silver, NJ",236.84946627123185
"Newburyport, MA","Grand Junction, CO",1972.0442164596823
"Newburyport, MA","Moscow, Russia",4473.42255287234
"Newburyport, MA","Los Angeles, CA",2603.819276584955
"Newburyport, MA","Panhandle, TX",1708.0438924082562
"Newburyport, MA","Kolkata, India",7742.298120976067
"Newburyport, MA","Randolph, MA",45.644880181736255
"Newburyport, MA","Celina, OH",724.3513829032038
"Newburyport, MA","Patna, India",7482.014143417777
"Newburyport, MA","Naches, WA",2424.0202237268973
"Newburyport, MA","Sydney, Australia",10099.164493301178
"Newburyport, MA","Anchorage, AK",3358.5768418495527
"Newburyport, MA","Glendale, AZ",2312.779306761324
"Newburyport, MA","Ajmer, India",7184.7901536540785
"Newburyport, MA","Marietta, GA",959.1357137711999
"Newburyport, MA","Lima, Peru",3795.5326899016986
"Newburyport, MA","Melbourne, Australia",10531.566177463415
"Newburyport, MA","London, United Kingdom",3254.1798814862377
"Newburyport, MA","Charlottesville, VA",518.6171071819392
"Newburyport, MA","Beijing, People's Republic of China",6699.699266660742
"Newburyport, MA","Jamshedpur, India",7686.8550282527285
"Bishkek, Kyrgyzstan","Baldwinsville, NY",6241.442110134631
"Bishkek, Kyrgyzstan","Latrobe, PA",6479.328626881964
"Bishkek, Kyrgyzstan","Moab, UT",6818.862132638102
"Bishkek, Kyrgyzstan","Delhi, India",992.8738440856997
"Bishkek, Kyrgyzstan","Highland, UT",6683.176284580447
"Bishkek, Kyrgyzstan","Little Silver, NJ",6378.967788639482
"Bishkek, Kyrgyzstan","Grand Junction, CO",6787.365163384173
"Bishkek, Kyrgyzstan","Moscow, Russia",1860.9492361654877
"Bishkek, Kyrgyzstan","Los Angeles, CA",7074.826679442725
"Bishkek, Kyrgyzstan","Panhandle, TX",7041.5785458056425
"Bishkek, Kyrgyzstan","Kolkata, India",1607.5029967156956
"Bishkek, Kyrgyzstan","Randolph, MA",6201.179885761482
"Bishkek, Kyrgyzstan","Celina, OH",6543.766819473955
"Bishkek, Kyrgyzstan","Patna, India",1331.266772978957
"Bishkek, Kyrgyzstan","Naches, WA",6191.174156122351
"Bishkek, Kyrgyzstan","Sydney, Australia",7159.339881177811
"Bishkek, Kyrgyzstan","Anchorage, AK",4839.426354665043
"Bishkek, Kyrgyzstan","Glendale, AZ",7154.585471644991
"Bishkek, Kyrgyzstan","Ajmer, India",1131.1060815830515
"Bishkek, Kyrgyzstan","Marietta, GA",6982.353525061359
"Bishkek, Kyrgyzstan","Lima, Peru",9717.7598246029
"Bishkek, Kyrgyzstan","Melbourne, Australia",7093.478536545413
"Bishkek, Kyrgyzstan","London, United Kingdom",3412.9505208224564
"Bishkek, Kyrgyzstan","Charlottesville, VA",6612.525675461732
"Bishkek, Kyrgyzstan","Beijing, People's Republic of China",2153.4171586498333
"Bishkek, Kyrgyzstan","Jamshedpur, India",1535.6577057851098
"Baldwinsville, NY","Latrobe, PA",251.61966063104035
"Baldwinsville, NY","Moab, UT",1756.475168727982
"Baldwinsville, NY","Delhi, India",7213.5773879584995
"Baldwinsville, NY","Highland, UT",1827.169209663351
"Baldwinsville, NY","Little Silver, NJ",227.7563705727946
"Baldwinsville, NY","Grand Junction, CO",1694.9196600925593
"Baldwinsville, NY","Moscow, Russia",4613.651000268437
"Baldwinsville, NY","Los Angeles, CA",2327.3378142546208
"Baldwinsville, NY","Panhandle, TX",1440.601984686512
"Baldwinsville, NY","Kolkata, India",7804.712200094416
"Baldwinsville, NY","Randolph, MA",278.1453863127521
"Baldwinsville, NY","Celina, OH",461.3673023933474
"Baldwinsville, NY","Patna, India",7554.741495471391
"Baldwinsville, NY","Naches, WA",2160.6124619265456
"Baldwinsville, NY","Sydney, Australia",9823.111590874165
"Baldwinsville, NY","Anchorage, AK",3163.6528985148043
"Baldwinsville, NY","Glendale, AZ",2039.243154461076
"Baldwinsville, NY","Ajmer, India",7298.147764315089
"Baldwinsville, NY","Marietta, GA",774.5342558306724
"Baldwinsville, NY","Lima, Peru",3799.5130758144246
"Baldwinsville, NY","Melbourne, Australia",10256.941281850395
"Baldwinsville, NY","London, United Kingdom",3460.044095786079
"Baldwinsville, NY","Charlottesville, VA",371.4250504965429
"Baldwinsville, NY","Beijing, People's Republic of China",6639.212690013665
"Baldwinsville, NY","Jamshedpur, India",7758.698076096354
"Latrobe, PA","Moab, UT",1609.986972366812
"Latrobe, PA","Delhi, India",7455.205867030534
"Latrobe, PA","Highland, UT",1700.3743473018444
"Latrobe, PA","Little Silver, NJ",281.7901660538535
"Latrobe, PA","Grand Junction, CO",1550.6311720601016
"Latrobe, PA","Moscow, Russia",4864.096557566834
"Latrobe, PA","Los Angeles, CA",2169.084377943941
"Latrobe, PA","Panhandle, TX",1247.4146645022222
"Latrobe, PA","Kolkata, India",8032.960866867815
"Latrobe, PA","Randolph, MA",452.61731938987265
"Latrobe, PA","Celina, OH",273.8670648983971
"Latrobe, PA","Patna, India",7787.270061460288
"Latrobe, PA","Naches, WA",2096.831982026016
"Latrobe, PA","Sydney, Australia",9650.094108661151
"Latrobe, PA","Anchorage, AK",3214.373369637389
"Latrobe, PA","Glendale, AZ",1863.5275282696607
"Latrobe, PA","Ajmer, India",7543.083953746992
"Latrobe, PA","Marietta, GA",523.179409279228
"Latrobe, PA","Lima, Peru",3606.3039434135326
"Latrobe, PA","Melbourne, Australia",10075.473598336985
"Latrobe, PA","London, United Kingdom",3706.1251528277535
"Latrobe, PA","Charlottesville, VA",165.17952594742124
"Latrobe, PA","Beijing, People's Republic of China",6801.835244684676
"Latrobe, PA","Jamshedpur, India",7990.638140971944
"Moab, UT","Delhi, India",7787.1816032063525
"Moab, UT","Highland, UT",175.2540448601142
"Moab, UT","Little Silver, NJ",1889.6750014740373
"Moab, UT","Grand Junction, CO",62.96886364629817
"Moab, UT","Moscow, Russia",5662.189803674296
"Moab, UT","Los Angeles, CA",576.3330854711105
"Moab, UT","Panhandle, TX",503.47451049665625
"Moab, UT","Kolkata, India",8067.872821728324
"Moab, UT","Randolph, MA",2029.7670414897543
"Moab, UT","Celina, OH",1336.1337092199517
"Moab, UT","Patna, India",7914.790455016423
"Moab, UT","Naches, WA",798.4764495406567
"Moab, UT","Sydney, Australia",8068.195803454466
"Moab, UT","Anchorage, AK",2322.3826548495663
"Moab, UT","Glendale, AZ",377.25762990339183
"Moab, UT","Ajmer, India",7947.855489628357
"Moab, UT","Marietta, GA",1426.8810111342707
"Moab, UT","Lima, Peru",4067.351267609239
"Moab, UT","Melbourne, Australia",8505.042706143995
"Moab, UT","London, United Kingdom",4915.693395096801
"Moab, UT","Charlottesville, VA",1681.0193682368601
"Moab, UT","Beijing, People's Republic of China",6283.752861729606
"Moab, UT","Jamshedpur, India",8087.5197252729195
"Delhi, India","Highland, UT",7645.018264253159
"Delhi, India","Little Silver, NJ",7340.477565345443
"Delhi, India","Grand Junction, CO",7758.760935794439
"Delhi, India","Moscow, Russia",2694.7711906816658
"Delhi, India","Los Angeles, CA",8003.457077275346
"Delhi, India","Panhandle, TX",8028.996780031346
"Delhi, India","Kolkata, India",812.8430941762665
"Delhi, India","Randolph, MA",7156.917704384201
"Delhi, India","Celina, OH",7529.834093737567
"Delhi, India","Patna, India",531.9871436788156
"Delhi, India","Naches, WA",7125.9067586802275
"Delhi, India","Sydney, Australia",6473.987132498248
"Delhi, India","Anchorage, AK",5706.181030983365
"Delhi, India","Glendale, AZ",8111.134010798923
"Delhi, India","Ajmer, India",215.03428955445784
"Delhi, India","Marietta, GA",7963.981290746825
"Delhi, India","Lima, Peru",10425.768605787141
"Delhi, India","Melbourne, Australia",6333.250798514425
"Delhi, India","London, United Kingdom",4175.873689569747
"Delhi, India","Charlottesville, VA",7583.31205132669
"Delhi, India","Beijing, People's Republic of China",2356.881530342585
"Delhi, India","Jamshedpur, India",690.9623271086792
"Highland, UT","Little Silver, NJ",1975.9834898720892
"Highland, UT","Grand Junction, CO",195.67362241097564
"Highland, UT","Moscow, Russia",5576.265484779956
"Highland, UT","Los Angeles, CA",565.1373064352725
"Highland, UT","Panhandle, TX",667.5359410429946
"Highland, UT","Kolkata, India",7907.456953098696
"Highland, UT","Randolph, MA",2103.903647999534
"Highland, UT","Celina, OH",1428.2078805261074
"Highland, UT","Patna, India",7759.643882634826
"Highland, UT","Naches, WA",623.2476937354023
"Highland, UT","Sydney, Australia",8008.417698627085
"Highland, UT","Anchorage, AK",2148.974044390724
"Highland, UT","Glendale, AZ",475.52425808739713
"Highland, UT","Ajmer, India",7809.722010210294
"Highland, UT","Marietta, GA",1560.6331228955723
"Highland, UT","Lima, Peru",4242.080008802566
"Highland, UT","Melbourne, Australia",8448.445867032588
"Highland, UT","London, United Kingdom",4889.114631495358
"Highland, UT","Charlottesville, VA",1784.3718831262372
"Highland, UT","Beijing, People's Republic of China",6110.7362087687425
"Highland, UT","Jamshedpur, India",7929.922300114686
"Little Silver, NJ","Grand Junction, CO",1829.8767088671286
"Little Silver, NJ","Moscow, Russia",4707.736942012611
"Little Silver, NJ","Los Angeles, CA",2450.5048772287037
"Little Silver, NJ","Panhandle, TX",1527.5215329817654
"Little Silver, NJ","Kolkata, India",7957.662613036654
"Little Silver, NJ","Randolph, MA",200.92777335556596
"Little Silver, NJ","Celina, OH",554.6115166059247
"Little Silver, NJ","Patna, India",7700.8806001115045
"Little Silver, NJ","Naches, WA",2348.792392891056
"Little Silver, NJ","Sydney, Australia",9930.593023288593
"Little Silver, NJ","Anchorage, AK",3389.1730965319343
"Little Silver, NJ","Glendale, AZ",2145.1671257496896
"Little Silver, NJ","Ajmer, India",7414.998462936755
"Little Silver, NJ","Marietta, GA",727.0942383586212
"Little Silver, NJ","Lima, Peru",3609.602584447691
"Little Silver, NJ","Melbourne, Australia",10353.978277496497
"Little Silver, NJ","London, United Kingdom",3488.475245388636
"Little Silver, NJ","Charlottesville, VA",286.11282433045636
"Little Silver, NJ","Beijing, People's Republic of China",6849.873667419801
"Little Silver, NJ","Jamshedpur, India",7905.53780935495
"Grand Junction, CO","Moscow, Russia",5613.2455668363245
"Grand Junction, CO","Los Angeles, CA",639.2263926264861
"Grand Junction, CO","Panhandle, TX",471.8853165535317
"Grand Junction, CO","Kolkata, India",8051.796574233183
"Grand Junction, CO","Randolph, MA",1968.6115913298433
"Grand Junction, CO","Celina, OH",1276.8501787685302
"Grand Junction, CO","Patna, India",7894.554024772649
"Grand Junction, CO","Naches, WA",810.2092840273178
"Grand Junction, CO","Sydney, Australia",8130.214310531403
"Grand Junction, CO","Anchorage, AK",2324.651303149718
"Grand Junction, CO","Glendale, AZ",431.36358121969977
"Grand Junction, CO","Ajmer, India",7917.237791964176
"Grand Junction, CO","Marietta, GA",1377.9289595067596
"Grand Junction, CO","Lima, Peru",4062.2474853899053
"Grand Junction, CO","Melbourne, Australia",8567.289094069649
"Grand Junction, CO","London, United Kingdom",4856.0224101241265
"Grand Junction, CO","Charlottesville, VA",1623.9145605059073
"Grand Junction, CO","Beijing, People's Republic of China",6284.024626157117
"Grand Junction, CO","Jamshedpur, India",8069.099303373042
"Moscow, Russia","Los Angeles, CA",6093.164239616769
"Moscow, Russia","Panhandle, TX",5716.630872130234
"Moscow, Russia","Kolkata, India",3437.04022956656
"Moscow, Russia","Randolph, MA",4514.455056448721
"Moscow, Russia","Celina, OH",4992.313552140932
"Moscow, Russia","Patna, India",3148.0900834058675
"Moscow, Russia","Naches, WA",5269.1559627270935
"Moscow, Russia","Sydney, Australia",9000.016539552036
"Moscow, Russia","Anchorage, AK",4368.723834463299
"Moscow, Russia","Glendale, AZ",6037.522895481093
"Moscow, Russia","Ajmer, India",2732.221397046713
"Moscow, Russia","Marietta, GA",5386.879856896079
"Moscow, Russia","Lima, Peru",7857.59970799858
"Moscow, Russia","Melbourne, Australia",8954.013091553346
"Moscow, Russia","London, United Kingdom",1559.1442479705056
"Moscow, Russia","Charlottesville, VA",4971.459170789101
"Moscow, Russia","Beijing, People's Republic of China",3598.8924301452566
"Moscow, Russia","Jamshedpur, India",3345.282976253727
"Los Angeles, CA","Panhandle, TX",962.9276054316135
"Los Angeles, CA","Kolkata, India",8163.338191070181
"Los Angeles, CA","Randolph, MA",2598.1817221762312
"Los Angeles, CA","Celina, OH",1895.943763862933
"Los Angeles, CA","Patna, India",8051.5088655540785
"Los Angeles, CA","Naches, WA",884.143395703329
"Los Angeles, CA","Sydney, Australia",7495.856598968381
"Los Angeles, CA","Anchorage, AK",2341.9217418039216
"Los Angeles, CA","Glendale, AZ",350.2687730353781
"Los Angeles, CA","Ajmer, India",8183.391390521873
"Los Angeles, CA","Marietta, GA",1925.185891306753
"Los Angeles, CA","Lima, Peru",4170.535897616741
"Los Angeles, CA","Melbourne, Australia",7931.315607222551
"Los Angeles, CA","London, United Kingdom",5453.432651887349
"Los Angeles, CA","Charlottesville, VA",2226.558577288124
"Los Angeles, CA","Beijing, People's Republic of China",6251.053190054392
"Los Angeles, CA","Jamshedpur, India",8204.727491369462
"Panhandle, TX","Kolkata, India",8396.314203855956
"Panhandle, TX","Randolph, MA",1694.7671340343006
"Panhandle, TX","Celina, OH",983.7498830006016
"Panhandle, TX","Patna, India",8216.425575917592
"Panhandle, TX","Naches, WA",1273.1759188468527
"Panhandle, TX","Sydney, Australia",8403.072027706057
"Panhandle, TX","Anchorage, AK",2761.2664142339945
"Panhandle, TX","Glendale, AZ",629.1599612958428
"Panhandle, TX","Ajmer, India",8170.716092076263
"Panhandle, TX","Marietta, GA",962.3857865144099
"Panhandle, TX","Lima, Peru",3629.114528340822
"Panhandle, TX","Melbourne, Australia",8828.305876245659
"Panhandle, TX","London, United Kingdom",4798.889263902379
"Panhandle, TX","Charlottesville, VA",1282.019751231015
"Panhandle, TX","Beijing, People's Republic of China",6705.578008452067
"Panhandle, TX","Jamshedpur, India",8400.521822635596
"Kolkata, India","Randolph, MA",7787.210355712061
"Kolkata, India","Celina, OH",8064.320658133224
"Kolkata, India","Patna, India",292.5319495031399
"Kolkata, India","Naches, WA",7328.597709859185
"Kolkata, India","Sydney, Australia",5669.8526313292205
"Kolkata, India","Anchorage, AK",5821.602186368306
"Kolkata, India","Glendale, AZ",8342.510783765207
"Kolkata, India","Ajmer, India",904.2899432137943
"Kolkata, India","Marietta, GA",8515.143323454415
"Kolkata, India","Lima, Peru",11238.225708249762
"Kolkata, India","Melbourne, Australia",5546.482066285082
"Kolkata, India","London, United Kingdom",4955.293710019131
"Kolkata, India","Charlottesville, VA",8175.571037256281
"Kolkata, India","Beijing, People's Republic of China",2039.7115649925965
"Kolkata, India","Jamshedpur, India",138.8713618669271
"Randolph, MA","Celina, OH",711.4391885327507
"Randolph, MA","Patna, India",7526.6065260275145
"Randolph, MA","Naches, WA",2435.1746947908578
"Randolph, MA","Sydney, Australia",10091.592930992214
"Randolph, MA","Anchorage, AK",3388.341445394716
"Randolph, MA","Glendale, AZ",2303.378052700013
"Randolph, MA","Ajmer, India",7227.378652301334
"Randolph, MA","Marietta, GA",927.1918031864831
"Randolph, MA","Lima, Peru",3749.9491762230673
"Randolph, MA","Melbourne, Australia",10521.677111881314
"Randolph, MA","London, United Kingdom",3287.5680161448563
"Randolph, MA","Charlottesville, VA",486.0466131673685
"Randolph, MA","Beijing, People's Republic of China",6743.589221925658
"Randolph, MA","Jamshedpur, India",7731.459698592403
"Celina, OH","Patna, India",7831.220424787644
"Celina, OH","Naches, WA",1843.6710227032866
"Celina, OH","Sydney, Australia",9382.023421909333
"Celina, OH","Anchorage, AK",3029.4979156590784
"Celina, OH","Glendale, AZ",1593.5867658949448
"Celina, OH","Ajmer, India",7631.1414560014255
"Celina, OH","Marietta, GA",454.8772241212596
"Celina, OH","Lima, Peru",3651.233191805927
"Celina, OH","Melbourne, Australia",9810.4363340089
"Celina, OH","London, United Kingdom",3901.5396183176085
"Celina, OH","Charlottesville, VA",369.9011744515874
"Celina, OH","Beijing, People's Republic of China",6719.964666684658
"Celina, OH","Jamshedpur, India",8032.1558878755
"Patna, India","Naches, WA",7197.971594803675
"Patna, India","Sydney, Australia",5961.437112166971
"Patna, India","Anchorage, AK",5713.515852831805
"Patna, India","Glendale, AZ",8207.37259246176
"Patna, India","Ajmer, India",654.5237427672672
"Patna, India","Marietta, GA",8278.47286080925
"Patna, India","Lima, Peru",10949.910794217343
"Patna, India","Melbourne, Australia",5838.898768921348
"Patna, India","London, United Kingdom",4663.101963536289
"Patna, India","Charlottesville, VA",7926.13346368022
"Patna, India","Beijing, People's Republic of China",2062.2789343645572
"Patna, India","Jamshedpur, India",204.90165615613515
"Naches, WA","Sydney, Australia",7781.03820850774
"Naches, WA","Anchorage, AK",1533.041952573105
"Naches, WA","Glendale, AZ",1014.2826363954165
"Naches, WA","Ajmer, India",7302.815151371489
"Naches, WA","Marietta, GA",2078.5593187868385
"Naches, WA","Lima, Peru",4864.379191828379
"Naches, WA","Melbourne, Australia",8224.17018172393
"Naches, WA","London, United Kingdom",4804.759103451697
"Naches, WA","Charlottesville, VA",2213.5585862267535
"Naches, WA","Beijing, People's Republic of China",5493.737931395178
"Naches, WA","Jamshedpur, India",7359.900909797164
"Sydney, Australia","Anchorage, AK",7333.312400982553
"Sydney, Australia","Glendale, AZ",7788.5839706400775
"Sydney, Australia","Ajmer, India",6511.605772664227
"Sydney, Australia","Marietta, GA",9280.911669527974
"Sydney, Australia","Lima, Peru",7962.920445556477
"Sydney, Australia","Melbourne, Australia",443.50263558835417
"Sydney, Australia","London, United Kingdom",10556.672580338902
"Sydney, Australia","Charlottesville, VA",9675.33088921697
"Sydney, Australia","Beijing, People's Republic of China",5558.701649123633
"Sydney, Australia","Jamshedpur, India",5784.150181609174
"Anchorage, AK","Glendale, AZ",2538.809779201695
"Anchorage, AK","Ajmer, India",5899.535783281147
"Anchorage, AK","Marietta, GA",3391.843118013533
"Anchorage, AK","Lima, Peru",6386.143551445184
"Anchorage, AK","Melbourne, Australia",7734.245474145486
"Anchorage, AK","London, United Kingdom",4486.6551871581405
"Anchorage, AK","Charlottesville, VA",3368.561367108401
"Anchorage, AK","Beijing, People's Republic of China",3961.8741486716594
"Anchorage, AK","Jamshedpur, India",5863.373399755784
"Glendale, AZ","Ajmer, India",8279.06588902375
"Glendale, AZ","Marietta, GA",1586.5988416704379
"Glendale, AZ","Lima, Peru",3897.938556251467
"Glendale, AZ","Melbourne, Australia",8218.828106905201
"Glendale, AZ","London, United Kingdom",5281.196782563243
"Glendale, AZ","Charlottesville, VA",1908.1952801508523
"Glendale, AZ","Beijing, People's Republic of China",6488.124605281125
"Glendale, AZ","Jamshedpur, India",8372.086291173146
"Ajmer, India","Marietta, GA",8057.601352471552
"Ajmer, India","Lima, Peru",10352.927081130745
"Ajmer, India","Melbourne, Australia",6348.349914822564
"Ajmer, India","London, United Kingdom",4174.414443379392
"Ajmer, India","Charlottesville, VA",7665.524530509705
"Ajmer, India","Beijing, People's Republic of China",2566.9231660722235
"Ajmer, India","Jamshedpur, India",769.660040782482
"Marietta, GA","Lima, Peru",3202.6857342577446
"Marietta, GA","Melbourne, Australia",9684.112936852598
"Marietta, GA","London, United Kingdom",4213.069707134239
"Marietta, GA","Charlottesville, VA",441.15459633755273
"Marietta, GA","Beijing, People's Republic of China",7157.280863126258
"Marietta, GA","Jamshedpur, India",8480.275022271282
"Lima, Peru","Melbourne, Australia",8058.405185053819
"Lima, Peru","London, United Kingdom",6314.174867891416
"Lima, Peru","Charlottesville, VA",3446.585363745149
"Lima, Peru","Beijing, People's Republic of China",10328.95776925736
"Lima, Peru","Jamshedpur, India",11114.560986012924
"Melbourne, Australia","London, United Kingdom",10500.288766808562
"Melbourne, Australia","Charlottesville, VA",10090.995954012787
"Melbourne, Australia","Beijing, People's Republic of China",5664.165313371656
"Melbourne, Australia","Jamshedpur, India",5651.567010598824
"London, United Kingdom","Charlottesville, VA",3772.778626913899
"London, United Kingdom","Beijing, People's Republic of China",5056.313243430149
"London, United Kingdom","Jamshedpur, India",4852.531538920631
"Charlottesville, VA","Beijing, People's Republic of China",6966.29557091766
"Charlottesville, VA","Jamshedpur, India",8130.057625101464
"Beijing, People's Republic of China","Jamshedpur, India",2131.428220168202
