college1,college2,dist_college
College of the Holy Cross,American University Kyrgyzstan,6217.222853154554
College of the Holy Cross,Ohio State U. - Columbus,604.9391940885981
College of the Holy Cross,Dartmouth College,104.29983278686205
College of the Holy Cross,U. do Estado de Santa Catarina,5026.279192516396
College of the Holy Cross,U. of Virginia,2991.3538215120234
College of the Holy Cross,U. of Pittsburgh - Pittsburgh,441.55944997313594
College of the Holy Cross,University of Strathclyde,3073.5382463154756
College of the Holy Cross,U. of Buenos Aires,3559.686007425029
College of the Holy Cross,Monash University,10482.2063851739
College of the Holy Cross,Boston University,36.90954234037832
College of the Holy Cross,Providence College,33.148513889329664
College of the Holy Cross,Rice University,1570.7837525050777
College of the Holy Cross,U of California - LA (UCLA),2568.448073822366
College of the Holy Cross,U. of Texas - Austin,1657.7890730997435
College of the Holy Cross,University of Antelope Va,2533.7986051551293
College of the Holy Cross,U. of Louisville,244.2895962451875
College of the Holy Cross,U. of South Florida,985.9183382107119
College of the Holy Cross,U. of Pennsylvania,445.5961502682477
College of the Holy Cross,Harvard-Radcliffe - Transfers,36.45592645531181
College of the Holy Cross,U of California - Berkeley,2652.5173626933297
College of the Holy Cross,U. of Delhi,159.42325392811213
College of the Holy Cross,Scripps College,2529.777353099255
College of the Holy Cross,St. Xavier's College,7657.715491063831
College of the Holy Cross,Brigham Young U.,2528.6767498441254
College of the Holy Cross,China Foreign Affairs Univ,6753.004907236949
College of the Holy Cross,Peabody Inst-John Hopkins U,323.578955325448
College of the Holy Cross,U.S. Military Acad.-West Point,125.43184194992538
College of the Holy Cross,U. of Calgary,2067.822850500042
College of the Holy Cross,Duke University,575.9123514987396
College of the Holy Cross,State Univ. of Management,4535.700934065759
College of the Holy Cross,University of Sydney,10053.86084420737
College of the Holy Cross,Universidad del Pacifico,3751.94769679697
College of the Holy Cross,Goshen College,723.4826737386486
College of the Holy Cross,Wellesley College,26.104376971070906
College of the Holy Cross,Kenyon College,565.3441176721983
College of the Holy Cross,Westminster College - UT,2061.5641799791683
College of the Holy Cross,Indian Inst. of Technology,6901.361562193767
American University Kyrgyzstan,Ohio State U. - Columbus,6562.496445434603
American University Kyrgyzstan,Dartmouth College,6134.412730713165
American University Kyrgyzstan,U. do Estado de Santa Catarina,9129.171061636058
American University Kyrgyzstan,U. of Virginia,3626.327657397601
American University Kyrgyzstan,U. of Pittsburgh - Pittsburgh,6485.36061811147
American University Kyrgyzstan,University of Strathclyde,3468.7709379509442
American University Kyrgyzstan,U. of Buenos Aires,9603.462452860935
American University Kyrgyzstan,Monash University,7088.0351069838325
American University Kyrgyzstan,Boston University,6195.308846409704
American University Kyrgyzstan,Providence College,6234.17378605814
American University Kyrgyzstan,Rice University,7400.094957304067
American University Kyrgyzstan,U of California - LA (UCLA),7076.059910619391
American University Kyrgyzstan,U. of Texas - Austin,7382.075413647464
American University Kyrgyzstan,University of Antelope Va,7037.300047331377
American University Kyrgyzstan,U. of Louisville,6110.433271202541
American University Kyrgyzstan,U. of South Florida,7179.808870101825
American University Kyrgyzstan,U. of Pennsylvania,6426.594679166535
American University Kyrgyzstan,Harvard-Radcliffe - Transfers,6194.046763155447
American University Kyrgyzstan,U of California - Berkeley,6777.8710558113935
American University Kyrgyzstan,U. of Delhi,6276.511948462552
American University Kyrgyzstan,Scripps College,7080.704132335675
American University Kyrgyzstan,St. Xavier's College,1647.7527257437494
American University Kyrgyzstan,Brigham Young U.,7078.670826313835
American University Kyrgyzstan,China Foreign Affairs Univ,2155.389847953076
American University Kyrgyzstan,Peabody Inst-John Hopkins U,6500.494389074151
American University Kyrgyzstan,U.S. Military Acad.-West Point,6314.678059459518
American University Kyrgyzstan,U. of Calgary,5958.92006072266
American University Kyrgyzstan,Duke University,6757.795211302282
American University Kyrgyzstan,State Univ. of Management,1858.2400918656551
American University Kyrgyzstan,University of Sydney,7155.972669278324
American University Kyrgyzstan,Universidad del Pacifico,9723.393616839869
American University Kyrgyzstan,Goshen College,6497.429815837509
American University Kyrgyzstan,Wellesley College,6203.216045887565
American University Kyrgyzstan,Kenyon College,6528.75591175018
American University Kyrgyzstan,Westminster College - UT,6666.353486442473
American University Kyrgyzstan,Indian Inst. of Technology,709.6243887350821
Ohio State U. - Columbus,Dartmouth College,609.2109803421255
Ohio State U. - Columbus,U. do Estado de Santa Catarina,5149.981642588334
Ohio State U. - Columbus,U. of Virginia,3535.7270769747906
Ohio State U. - Columbus,U. of Pittsburgh - Pittsburgh,164.976503626544
Ohio State U. - Columbus,University of Strathclyde,3602.2490238806363
Ohio State U. - Columbus,U. of Buenos Aires,3392.47536192785
Ohio State U. - Columbus,Monash University,9881.671407523212
Ohio State U. - Columbus,Boston University,641.8362886619741
Ohio State U. - Columbus,Providence College,619.3404369097015
Ohio State U. - Columbus,Rice University,996.8567763350329
Ohio State U. - Columbus,U of California - LA (UCLA),1986.498451077042
Ohio State U. - Columbus,U. of Texas - Austin,1068.5334983671314
Ohio State U. - Columbus,University of Antelope Va,1954.3548072720616
Ohio State U. - Columbus,U. of Louisville,530.3168690270332
Ohio State U. - Columbus,U. of South Florida,677.0653926308667
Ohio State U. - Columbus,U. of Pennsylvania,170.85715004980764
Ohio State U. - Columbus,Harvard-Radcliffe - Transfers,641.2850315331224
Ohio State U. - Columbus,U of California - Berkeley,2101.343672176254
Ohio State U. - Columbus,U. of Delhi,451.06714082756537
Ohio State U. - Columbus,Scripps College,1946.6472337183172
Ohio State U. - Columbus,St. Xavier's College,8088.578420119933
Ohio State U. - Columbus,Brigham Young U.,1945.6865513600515
Ohio State U. - Columbus,China Foreign Affairs Univ,6796.411206342044
Ohio State U. - Columbus,Peabody Inst-John Hopkins U,345.41264399645496
Ohio State U. - Columbus,U.S. Military Acad.-West Point,485.6601742197694
Ohio State U. - Columbus,U. of Calgary,1667.7645050224103
Ohio State U. - Columbus,Duke University,354.8986436612341
Ohio State U. - Columbus,State Univ. of Management,4984.480287486791
Ohio State U. - Columbus,University of Sydney,9457.6603183578
Ohio State U. - Columbus,Universidad del Pacifico,3603.750425513681
Ohio State U. - Columbus,Goshen College,181.78581111978477
Ohio State U. - Columbus,Wellesley College,631.0208893806324
Ohio State U. - Columbus,Kenyon College,42.002062190544684
Ohio State U. - Columbus,Westminster College - UT,1515.2009248333632
Ohio State U. - Columbus,Indian Inst. of Technology,7264.756712890142
Dartmouth College,U. do Estado de Santa Catarina,5129.57908223014
Dartmouth College,U. of Virginia,2948.176942144083
Dartmouth College,U. of Pittsburgh - Pittsburgh,453.6590745233709
Dartmouth College,University of Strathclyde,3024.80777943804
Dartmouth College,U. of Buenos Aires,3656.5181622228015
Dartmouth College,Monash University,10460.967637095953
Dartmouth College,Boston University,111.25088495657103
Dartmouth College,Providence College,135.63599215941184
Dartmouth College,Rice University,1595.8064117469844
Dartmouth College,U of California - LA (UCLA),2540.2188591189524
Dartmouth College,U. of Texas - Austin,1675.3312943728677
Dartmouth College,University of Antelope Va,2504.32829069551
Dartmouth College,U. of Louisville,158.10051841854556
Dartmouth College,U. of South Florida,1056.174697351152
Dartmouth College,U. of Pennsylvania,440.7364036359949
Dartmouth College,Harvard-Radcliffe - Transfers,109.25536514019883
Dartmouth College,U of California - Berkeley,2610.886465360536
Dartmouth College,U. of Delhi,165.35802640097336
Dartmouth College,Scripps College,2502.2990831678358
Dartmouth College,St. Xavier's College,7589.331144764769
Dartmouth College,Brigham Young U.,2501.1230615649642
Dartmouth College,China Foreign Affairs Univ,6649.535600098723
Dartmouth College,Peabody Inst-John Hopkins U,377.7186635334827
Dartmouth College,U.S. Military Acad.-West Point,180.9347401597557
Dartmouth College,U. of Calgary,1995.2773359571645
Dartmouth College,Duke University,637.9267838520211
Dartmouth College,State Univ. of Management,4467.9505100794395
Dartmouth College,University of Sydney,10027.985949698606
Dartmouth College,Universidad del Pacifico,3850.156905947454
Dartmouth College,Goshen College,704.452138178528
Dartmouth College,Wellesley College,109.69507394318562
Dartmouth College,Kenyon College,567.75577942683
Dartmouth College,Westminster College - UT,2020.5682930790103
Dartmouth College,Indian Inst. of Technology,6821.569105636239
U. do Estado de Santa Catarina,U. of Virginia,6130.628316802502
U. do Estado de Santa Catarina,U. of Pittsburgh - Pittsburgh,5094.829661369204
U. do Estado de Santa Catarina,University of Strathclyde,6310.857484601338
U. do Estado de Santa Catarina,U. of Buenos Aires,2327.370997400207
U. do Estado de Santa Catarina,Monash University,7849.206836605188
U. do Estado de Santa Catarina,Boston University,5020.566317920434
U. do Estado de Santa Catarina,Providence College,4994.0951491974065
U. do Estado de Santa Catarina,Rice University,5010.203407900806
U. do Estado de Santa Catarina,U of California - LA (UCLA),6234.3235186173
U. do Estado de Santa Catarina,U. of Texas - Austin,5130.4398156393745
U. do Estado de Santa Catarina,University of Antelope Va,6243.011891245163
U. do Estado de Santa Catarina,U. of Louisville,5257.964058391752
U. do Estado de Santa Catarina,U. of South Florida,4533.05381564526
U. do Estado de Santa Catarina,U. of Pennsylvania,5165.873879468487
U. do Estado de Santa Catarina,Harvard-Radcliffe - Transfers,5022.5621064817915
U. do Estado de Santa Catarina,U of California - Berkeley,6555.002846884663
U. do Estado de Santa Catarina,U. of Delhi,5090.858617138548
U. do Estado de Santa Catarina,Scripps College,6200.584073434577
U. do Estado de Santa Catarina,St. Xavier's College,8708.886958918627
U. do Estado de Santa Catarina,Brigham Young U.,6201.598894219366
U. do Estado de Santa Catarina,China Foreign Affairs Univ,11226.108583395024
U. do Estado de Santa Catarina,Peabody Inst-John Hopkins U,4942.577712530097
U. do Estado de Santa Catarina,U.S. Military Acad.-West Point,5014.703279123117
U. do Estado de Santa Catarina,U. of Calgary,6708.179401803651
U. do Estado de Santa Catarina,Duke University,4799.337818923938
U. do Estado de Santa Catarina,State Univ. of Management,7629.810043454905
U. do Estado de Santa Catarina,University of Sydney,8009.1283339414
U. do Estado de Santa Catarina,Universidad del Pacifico,2127.238656385721
U. do Estado de Santa Catarina,Goshen College,5319.286752700636
U. do Estado de Santa Catarina,Wellesley College,5020.4511968535435
U. do Estado de Santa Catarina,Kenyon College,5154.280416500223
U. do Estado de Santa Catarina,Westminster College - UT,6205.567122371324
U. do Estado de Santa Catarina,Indian Inst. of Technology,9173.569339338355
U. of Virginia,U. of Pittsburgh - Pittsburgh,3395.0763487344743
U. of Virginia,University of Strathclyde,180.31366770719322
U. of Virginia,U. of Buenos Aires,5985.19237200709
U. of Virginia,Monash University,10708.269462162452
U. of Virginia,Boston University,2958.2734032520443
U. of Virginia,Providence College,2993.4551340243975
U. of Virginia,Rice University,4532.4493760548885
U. of Virginia,U of California - LA (UCLA),5130.902008865954
U. of Virginia,U. of Texas - Austin,4595.654907616209
U. of Virginia,University of Antelope Va,5086.0915910973035
U. of Virginia,U. of Louisville,3005.4249736477063
U. of Virginia,U. of South Florida,3950.1931796252456
U. of Virginia,U. of Pennsylvania,3365.889443917379
U. of Virginia,Harvard-Radcliffe - Transfers,2957.8614608209587
U. of Virginia,U of California - Berkeley,5035.655348620783
U. of Virginia,U. of Delhi,3113.445206916994
U. of Virginia,Scripps College,5104.8271600490925
U. of Virginia,St. Xavier's College,4766.929064738936
U. of Virginia,Brigham Young U.,5103.013622021611
U. of Virginia,China Foreign Affairs Univ,5154.811755842631
U. of Virginia,Peabody Inst-John Hopkins U,3314.829405554374
U. of Virginia,U.S. Military Acad.-West Point,3114.287931233599
U. of Virginia,U. of Calgary,4077.253637727851
U. of Virginia,Duke University,3563.244751724248
U. of Virginia,State Univ. of Management,1768.5065523667595
U. of Virginia,University of Sydney,10695.229780486225
U. of Virginia,Universidad del Pacifico,6097.237082038834
U. of Virginia,Goshen College,3571.5427245508035
U. of Virginia,Wellesley College,2968.809997345185
U. of Virginia,Kenyon College,3493.9102039789254
U. of Virginia,Westminster College - UT,4546.183936080402
U. of Virginia,Indian Inst. of Technology,4196.100200611451
U. of Pittsburgh - Pittsburgh,University of Strathclyde,3466.4946705428883
U. of Pittsburgh - Pittsburgh,U. of Buenos Aires,3411.706033230374
U. of Pittsburgh - Pittsburgh,Monash University,10046.635817839215
U. of Pittsburgh - Pittsburgh,Boston University,478.46366248390603
U. of Pittsburgh - Pittsburgh,Providence College,454.9127944470735
U. of Pittsburgh - Pittsburgh,Rice University,1142.6825459188155
U. of Pittsburgh - Pittsburgh,U of California - LA (UCLA),2148.639746990783
U. of Pittsburgh - Pittsburgh,U. of Texas - Austin,1222.0067291804153
U. of Pittsburgh - Pittsburgh,University of Antelope Va,2115.969492049264
U. of Pittsburgh - Pittsburgh,U. of Louisville,397.2262370032613
U. of Pittsburgh - Pittsburgh,U. of South Florida,707.2741282836708
U. of Pittsburgh - Pittsburgh,U. of Pennsylvania,72.45221699264886
U. of Pittsburgh - Pittsburgh,Harvard-Radcliffe - Transfers,477.99404594404723
U. of Pittsburgh - Pittsburgh,U of California - Berkeley,2256.672581371575
U. of Pittsburgh - Pittsburgh,U. of Delhi,291.1730614206086
U. of Pittsburgh - Pittsburgh,Scripps College,2109.004422052476
U. of Pittsburgh - Pittsburgh,St. Xavier's College,7987.806033417491
U. of Pittsburgh - Pittsburgh,Brigham Young U.,2108.0156124023733
U. of Pittsburgh - Pittsburgh,China Foreign Affairs Univ,6805.429828261615
U. of Pittsburgh - Pittsburgh,Peabody Inst-John Hopkins U,194.71175665362614
U. of Pittsburgh - Pittsburgh,U.S. Military Acad.-West Point,320.96049474536267
U. of Pittsburgh - Pittsburgh,U. of Calgary,1780.7841684798693
U. of Pittsburgh - Pittsburgh,Duke University,311.52955410056416
U. of Pittsburgh - Pittsburgh,State Univ. of Management,4874.406317061331
U. of Pittsburgh - Pittsburgh,University of Sydney,9622.524984074496
U. of Pittsburgh - Pittsburgh,Universidad del Pacifico,3618.299637591063
U. of Pittsburgh - Pittsburgh,Goshen College,316.00585634870697
U. of Pittsburgh - Pittsburgh,Wellesley College,467.57056408475194
U. of Pittsburgh - Pittsburgh,Kenyon College,128.4011002355242
U. of Pittsburgh - Pittsburgh,Westminster College - UT,1668.388805309309
U. of Pittsburgh - Pittsburgh,Indian Inst. of Technology,7183.374678548747
University of Strathclyde,U. of Buenos Aires,6138.2800421097845
University of Strathclyde,Monash University,10541.261787000394
University of Strathclyde,Boston University,3041.4737882084237
University of Strathclyde,Providence College,3077.562272283226
University of Strathclyde,Rice University,4596.9188200618455
University of Strathclyde,U of California - LA (UCLA),5135.713529526624
University of Strathclyde,U. of Texas - Austin,4654.095442583563
University of Strathclyde,University of Antelope Va,5090.491226320456
University of Strathclyde,U. of Louisville,3073.039746440182
University of Strathclyde,U. of South Florida,4042.955355738637
University of Strathclyde,U. of Pennsylvania,3433.6878093099785
University of Strathclyde,Harvard-Radcliffe - Transfers,3040.9471996800007
University of Strathclyde,U of California - Berkeley,5025.206278060232
University of Strathclyde,U. of Delhi,3189.4678284307615
University of Strathclyde,Scripps College,5111.234501952211
University of Strathclyde,St. Xavier's College,4648.307347572647
University of Strathclyde,Brigham Young U.,5109.373164952154
University of Strathclyde,China Foreign Affairs Univ,4974.888314444389
University of Strathclyde,Peabody Inst-John Hopkins U,3396.0417865258823
University of Strathclyde,U.S. Military Acad.-West Point,3194.8312375731934
University of Strathclyde,U. of Calgary,4056.8505032477065
University of Strathclyde,Duke University,3648.277850430278
University of Strathclyde,State Univ. of Management,1613.942538456431
University of Strathclyde,University of Sydney,10516.560043106323
University of Strathclyde,Universidad del Pacifico,6254.847790132476
University of Strathclyde,Goshen College,3628.3261783861644
University of Strathclyde,Wellesley College,3051.8033431402364
University of Strathclyde,Kenyon College,3560.7067586483545
University of Strathclyde,Westminster College - UT,4552.413040135015
University of Strathclyde,Indian Inst. of Technology,4050.944347589931
U. of Buenos Aires,Monash University,8159.694099598422
U. of Buenos Aires,Boston University,3573.042697395008
U. of Buenos Aires,Providence College,3535.830471725468
U. of Buenos Aires,Rice University,2897.762708748552
U. of Buenos Aires,U of California - LA (UCLA),3959.629878393016
U. of Buenos Aires,U. of Texas - Austin,2991.036449381147
U. of Buenos Aires,University of Antelope Va,3974.3245928168035
U. of Buenos Aires,U. of Louisville,3724.2857482779946
U. of Buenos Aires,U. of South Florida,2715.8310374668586
U. of Buenos Aires,U. of Pennsylvania,3481.5365163350343
U. of Buenos Aires,Harvard-Radcliffe - Transfers,3574.6656099189827
U. of Buenos Aires,U of California - Berkeley,4291.916154967138
U. of Buenos Aires,U. of Delhi,3544.368711722596
U. of Buenos Aires,Scripps College,3929.5887711897713
U. of Buenos Aires,St. Xavier's College,10413.719503354836
U. of Buenos Aires,Brigham Young U.,3930.8447756162086
U. of Buenos Aires,China Foreign Affairs Univ,10122.80260764494
U. of Buenos Aires,Peabody Inst-John Hopkins U,3333.557273382913
U. of Buenos Aires,U.S. Military Acad.-West Point,3487.772829034452
U. of Buenos Aires,U. of Calgary,4646.437072262192
U. of Buenos Aires,Duke University,3104.013128845286
U. of Buenos Aires,State Univ. of Management,7752.117286762879
U. of Buenos Aires,University of Sydney,8037.665301899047
U. of Buenos Aires,Universidad del Pacifico,226.54416159423477
U. of Buenos Aires,Goshen College,3518.3227943860197
U. of Buenos Aires,Wellesley College,3567.4007665500294
U. of Buenos Aires,Kenyon College,3414.4404496505385
U. of Buenos Aires,Westminster College - UT,4035.1950397417545
U. of Buenos Aires,Indian Inst. of Technology,10165.727527938912
Monash University,Boston University,10518.61643709397
Monash University,Providence College,10499.671062183595
Monash University,Rice University,8982.679868669391
Monash University,U of California - LA (UCLA),7921.240579433241
Monash University,U. of Texas - Austin,8873.654043040378
Monash University,University of Antelope Va,7957.638021546217
Monash University,U. of Louisville,10326.872225713943
Monash University,U. of South Florida,9754.227681069997
Monash University,U. of Pennsylvania,10036.665757111134
Monash University,Harvard-Radcliffe - Transfers,10517.796174060528
Monash University,U of California - Berkeley,7867.451696601512
Monash University,U. of Delhi,10323.401992682004
Monash University,Scripps College,7958.922114270282
Monash University,St. Xavier's College,6091.125525540785
Monash University,Brigham Young U.,7960.116958543339
Monash University,China Foreign Affairs Univ,5646.695301778767
Monash University,Peabody Inst-John Hopkins U,10207.285480041804
Monash University,U.S. Military Acad.-West Point,10366.966003057774
Monash University,U. of Calgary,8612.15963779448
Monash University,Duke University,10030.147189148734
Monash University,State Univ. of Management,8945.567897994213
Monash University,University of Sydney,440.8085372580966
Monash University,Universidad del Pacifico,8058.333591370571
Monash University,Goshen College,9760.177112231326
Monash University,Wellesley College,10508.194219572819
Monash University,Kenyon College,9919.695716966246
Monash University,Westminster College - UT,8453.20641302305
Monash University,Indian Inst. of Technology,6548.368750639883
Boston University,Providence College,38.88389738578179
Boston University,Rice University,1606.7455688957739
Boston University,U of California - LA (UCLA),2604.0053408601134
Boston University,U. of Texas - Austin,1694.250469653245
Boston University,University of Antelope Va,2569.2290599369526
Boston University,U. of Louisville,263.4434538310178
Boston University,U. of South Florida,1013.9725892006674
Boston University,U. of Pennsylvania,482.143192099366
Boston University,Harvard-Radcliffe - Transfers,2.005946653583832
Boston University,U of California - Berkeley,2686.427716158978
Boston University,U. of Delhi,195.3638354038087
Boston University,Scripps College,2565.403846534873
Boston University,St. Xavier's College,7630.1607137100955
Boston University,Brigham Young U.,2564.295989882094
Boston University,China Foreign Affairs Univ,6748.975839278524
Boston University,Peabody Inst-John Hopkins U,357.4449677370822
Boston University,U.S. Military Acad.-West Point,161.42260089293754
Boston University,U. of Calgary,2094.5114366900775
Boston University,Duke University,607.0438113846899
Boston University,State Univ. of Management,4508.21586221555
Boston University,University of Sydney,10089.914000406403
Boston University,Universidad del Pacifico,3763.978504998072
Boston University,Goshen College,759.4142223754625
Boston University,Wellesley College,11.017226722082333
Boston University,Kenyon College,602.208945238953
Boston University,Westminster College - UT,2095.497519065378
Boston University,Indian Inst. of Technology,6878.038999511628
Providence College,Rice University,1576.6716508011664
Providence College,U of California - LA (UCLA),2589.183188363173
Providence College,U. of Texas - Austin,1665.9847536615864
Providence College,University of Antelope Va,2554.859673911855
Providence College,U. of Louisville,277.3352568096794
Providence College,U. of South Florida,975.9609288942074
Providence College,U. of Pennsylvania,463.62428446869524
Providence College,Harvard-Radcliffe - Transfers,40.128507270857696
Providence College,U of California - Berkeley,2676.5308300157712
Providence College,U. of Delhi,181.4818119320821
Providence College,Scripps College,2550.331455669501
Providence College,St. Xavier's College,7668.434011751478
Providence College,Brigham Young U.,2549.2505132491187
Providence College,China Foreign Affairs Univ,6781.977325480319
Providence College,Peabody Inst-John Hopkins U,324.1897049578946
Providence College,U.S. Military Acad.-West Point,134.26263049291833
Providence College,U. of Calgary,2098.3350696509315
Providence College,Duke University,570.7178438957011
Providence College,State Univ. of Management,4546.530425040667
Providence College,University of Sydney,10072.786594864316
Providence College,Universidad del Pacifico,3727.228814884928
Providence College,Goshen College,743.6127738342045
Providence College,Wellesley College,31.62413806706688
Providence College,Kenyon College,580.500050564021
Providence College,Westminster College - UT,2085.5928957063197
Providence College,Indian Inst. of Technology,6916.9167937812545
Rice University,U of California - LA (UCLA),1383.9193797699595
Rice University,U. of Texas - Austin,142.57555636052825
Rice University,University of Antelope Va,1371.6299335571996
Rice University,U. of Louisville,1527.1531089474258
Rice University,U. of South Florida,833.5129633872583
Rice University,U. of Pennsylvania,1167.1279348682572
Rice University,Harvard-Radcliffe - Transfers,1606.6865415743623
Rice University,U of California - Berkeley,1637.0328553576162
Rice University,U. of Delhi,1431.5124407504566
Rice University,Scripps College,1342.3361197291808
Rice University,St. Xavier's College,8994.60067775015
Rice University,Brigham Young U.,1342.4064554045412
Rice University,China Foreign Affairs Univ,7225.5544922409745
Rice University,Peabody Inst-John Hopkins U,1255.3286719024677
Rice University,U.S. Military Acad.-West Point,1445.3928575930224
Rice University,U. of Calgary,1750.1293565111964
Rice University,Duke University,1048.8618051278056
Rice University,State Univ. of Management,5935.9331139077785
Rice University,University of Sydney,8583.48679201065
Rice University,Universidad del Pacifico,3123.784657017254
Rice University,Goshen College,977.1160373839458
Rice University,Wellesley College,1595.7481544697673
Rice University,Kenyon College,1038.7433644864711
Rice University,Westminster College - UT,1197.427597270154
Rice University,Indian Inst. of Technology,8109.714442491824
U of California - LA (UCLA),U. of Texas - Austin,1241.7112676871225
U of California - LA (UCLA),University of Antelope Va,45.86322801993832
U of California - LA (UCLA),U. of Louisville,2406.5930146610644
U of California - LA (UCLA),U. of South Florida,2168.7958599022963
U of California - LA (UCLA),U. of Pennsylvania,2127.1001251058324
U of California - LA (UCLA),Harvard-Radcliffe - Transfers,2603.0011868753286
U of California - LA (UCLA),U of California - Berkeley,338.0264486125936
U of California - LA (UCLA),U. of Delhi,2409.0537271014787
U of California - LA (UCLA),Scripps College,42.18473228686274
U of California - LA (UCLA),St. Xavier's College,8710.165322561092
U of California - LA (UCLA),Brigham Young U.,42.52568725427757
U of California - LA (UCLA),China Foreign Affairs Univ,6259.073426490202
U of California - LA (UCLA),Peabody Inst-John Hopkins U,2329.921668353413
U of California - LA (UCLA),U.S. Military Acad.-West Point,2460.7485685730476
U of California - LA (UCLA),U. of Calgary,1181.0033800547722
U of California - LA (UCLA),Duke University,2228.255473543288
U of California - LA (UCLA),State Univ. of Management,6091.643310866801
U of California - LA (UCLA),University of Sydney,7487.8702884721
U of California - LA (UCLA),Universidad del Pacifico,4180.522878525867
U of California - LA (UCLA),Goshen College,1845.6187581263473
U of California - LA (UCLA),Wellesley College,2594.016553390239
U of California - LA (UCLA),Kenyon College,2020.3319869668946
U of California - LA (UCLA),Westminster College - UT,584.9137317960101
U of California - LA (UCLA),Indian Inst. of Technology,7741.48768512347
U. of Texas - Austin,University of Antelope Va,1229.85979551859
U. of Texas - Austin,U. of Louisville,1595.741574647056
U. of Texas - Austin,U. of South Florida,968.2308481619391
U. of Texas - Austin,U. of Pennsylvania,1239.317954128026
U. of Texas - Austin,Harvard-Radcliffe - Transfers,1694.0507709509448
U. of Texas - Austin,U of California - Berkeley,1498.2248886018806
U. of Texas - Austin,U. of Delhi,1512.9914958958977
U. of Texas - Austin,Scripps College,1200.1890582075125
U. of Texas - Austin,St. Xavier's College,8992.32129721537
U. of Texas - Austin,Brigham Young U.,1200.2781496649318
U. of Texas - Austin,China Foreign Affairs Univ,7135.161954746554
U. of Texas - Austin,Peabody Inst-John Hopkins U,1348.894810722624
U. of Texas - Austin,U.S. Military Acad.-West Point,1532.9862511070332
U. of Texas - Austin,U. of Calgary,1656.3602337935324
U. of Texas - Austin,Duke University,1156.7640428346199
U. of Texas - Austin,State Univ. of Management,5960.2616104544995
U. of Texas - Austin,University of Sydney,8469.388056345893
U. of Texas - Austin,Universidad del Pacifico,3217.485998096159
U. of Texas - Austin,Goshen College,1025.7939286382607
U. of Texas - Austin,Wellesley College,1683.2338499457796
U. of Texas - Austin,Kenyon College,1110.4942974173225
U. of Texas - Austin,Westminster College - UT,1075.1603291789966
U. of Texas - Austin,Indian Inst. of Technology,8091.27308265207
University of Antelope Va,U. of Louisville,2369.6875531329383
University of Antelope Va,U. of South Florida,2149.035735726015
University of Antelope Va,U. of Pennsylvania,2093.350145139293
University of Antelope Va,Harvard-Radcliffe - Transfers,2568.2034141830272
University of Antelope Va,U of California - Berkeley,318.0763020661524
University of Antelope Va,U. of Delhi,2374.4572098773897
University of Antelope Va,Scripps College,46.78322846968127
University of Antelope Va,St. Xavier's College,8672.870386716691
University of Antelope Va,Brigham Young U.,45.106439980427766
University of Antelope Va,China Foreign Affairs Univ,6237.092200057066
University of Antelope Va,Peabody Inst-John Hopkins U,2298.333329748508
University of Antelope Va,U.S. Military Acad.-West Point,2426.948953525516
University of Antelope Va,U. of Calgary,1136.3787721957444
University of Antelope Va,Duke University,2200.6003716734704
University of Antelope Va,State Univ. of Management,6046.406155846635
University of Antelope Va,University of Sydney,7523.657663262217
University of Antelope Va,Universidad del Pacifico,4195.842245457428
University of Antelope Va,Goshen College,1811.5023916373439
University of Antelope Va,Wellesley College,2559.29895531515
University of Antelope Va,Kenyon College,1987.7587501763112
University of Antelope Va,Westminster College - UT,540.4688677220053
University of Antelope Va,Indian Inst. of Technology,7704.382393699831
U. of Louisville,U. of South Florida,1069.384988082167
U. of Louisville,U. of Pennsylvania,360.72257550170417
U. of Louisville,Harvard-Radcliffe - Transfers,261.5613545727672
U. of Louisville,U of California - Berkeley,2466.6650067688915
U. of Louisville,U. of Delhi,180.91700861559548
U. of Louisville,Scripps College,2369.382650845385
U. of Louisville,St. Xavier's College,7595.436220039035
U. of Louisville,Brigham Young U.,2368.14240667245
U. of Louisville,China Foreign Affairs Univ,6549.898061087618
U. of Louisville,Peabody Inst-John Hopkins U,395.14994702426986
U. of Louisville,U.S. Military Acad.-West Point,248.05486007976234
U. of Louisville,U. of Calgary,1837.4275972234072
U. of Louisville,Duke University,647.686831640113
U. of Louisville,State Univ. of Management,4479.239877985873
U. of Louisville,University of Sydney,9891.029411738395
U. of Louisville,Universidad del Pacifico,3922.8871959916455
U. of Louisville,Goshen College,591.6026906293821
U. of Louisville,Wellesley College,258.92499239636845
U. of Louisville,Kenyon College,488.48528528316297
U. of Louisville,Westminster College - UT,1877.4953961185986
U. of Louisville,Indian Inst. of Technology,6804.061230001939
U. of South Florida,U. of Pennsylvania,773.5357152244636
U. of South Florida,Harvard-Radcliffe - Transfers,1014.8304753890932
U. of South Florida,U of California - Berkeley,2375.648289671054
U. of South Florida,U. of Delhi,905.747024057094
U. of South Florida,Scripps College,2126.611141978375
U. of South Florida,St. Xavier's College,8643.579204240566
U. of South Florida,Brigham Young U.,2126.320136382994
U. of South Florida,China Foreign Affairs Univ,7468.074627053683
U. of South Florida,Peabody Inst-John Hopkins U,681.7835161802784
U. of South Florida,U.S. Military Acad.-West Point,875.577398198915
U. of South Florida,U. of Calgary,2195.1088228848653
U. of South Florida,Duke University,422.30782186568604
U. of South Florida,State Univ. of Management,5521.572632604984
U. of South Florida,University of Sydney,9375.736384969314
U. of South Florida,Universidad del Pacifico,2926.6975418756683
U. of South Florida,Goshen College,815.4358867283257
U. of South Florida,Wellesley College,1004.4867139195808
U. of South Florida,Kenyon College,698.6664315411261
U. of South Florida,Westminster College - UT,1844.8443602877169
U. of South Florida,Indian Inst. of Technology,7872.440264649093
U. of Pennsylvania,Harvard-Radcliffe - Transfers,481.3850440248459
U. of Pennsylvania,U of California - Berkeley,2224.711783136802
U. of Pennsylvania,U. of Delhi,287.6327142038998
U. of Pennsylvania,Scripps College,2087.9835871649325
U. of Pennsylvania,St. Xavier's College,7937.29000931615
U. of Pennsylvania,Brigham Young U.,2086.931301610838
U. of Pennsylvania,China Foreign Affairs Univ,6733.241975785857
U. of Pennsylvania,Peabody Inst-John Hopkins U,247.85428306411862
U. of Pennsylvania,U.S. Military Acad.-West Point,333.65002590090586
U. of Pennsylvania,U. of Calgary,1723.6030338137257
U. of Pennsylvania,Duke University,383.55624450620405
U. of Pennsylvania,State Univ. of Management,4827.404241063819
U. of Pennsylvania,University of Sydney,9609.163678007615
U. of Pennsylvania,Universidad del Pacifico,3688.675991184188
U. of Pennsylvania,Goshen College,282.56176420760136
U. of Pennsylvania,Wellesley College,471.6281934416924
U. of Pennsylvania,Kenyon College,128.86040124656787
U. of Pennsylvania,Westminster College - UT,1634.8258814030532
U. of Pennsylvania,Indian Inst. of Technology,7125.976196570807
Harvard-Radcliffe - Transfers,U of California - Berkeley,2685.200956966201
Harvard-Radcliffe - Transfers,U. of Delhi,194.47848563539202
Harvard-Radcliffe - Transfers,Scripps College,2564.4120142374104
Harvard-Radcliffe - Transfers,St. Xavier's College,7629.248294480344
Harvard-Radcliffe - Transfers,Brigham Young U.,2563.3028582716356
Harvard-Radcliffe - Transfers,China Foreign Affairs Univ,6747.101771213157
Harvard-Radcliffe - Transfers,Peabody Inst-John Hopkins U,357.7170649196532
Harvard-Radcliffe - Transfers,U.S. Military Acad.-West Point,161.3187285206079
Harvard-Radcliffe - Transfers,U. of Calgary,2092.811197669801
Harvard-Radcliffe - Transfers,Duke University,607.6320066251145
Harvard-Radcliffe - Transfers,State Univ. of Management,4507.294123178818
Harvard-Radcliffe - Transfers,University of Sydney,10089.001387511782
Harvard-Radcliffe - Transfers,Universidad del Pacifico,3765.6456252591506
Harvard-Radcliffe - Transfers,Goshen College,758.4902986917748
Harvard-Radcliffe - Transfers,Wellesley College,11.019937067887211
Harvard-Radcliffe - Transfers,Kenyon College,601.6146304857316
Harvard-Radcliffe - Transfers,Westminster College - UT,2094.2747826037344
Harvard-Radcliffe - Transfers,Indian Inst. of Technology,6876.8546323039
U of California - Berkeley,U. of Delhi,2495.071616984781
U of California - Berkeley,Scripps College,363.69528214870314
U of California - Berkeley,St. Xavier's College,8401.9727509423
U of California - Berkeley,Brigham Young U.,362.29820730694695
U of California - Berkeley,China Foreign Affairs Univ,5921.071926237826
U of California - Berkeley,Peabody Inst-John Hopkins U,2446.417793511642
U of California - Berkeley,U.S. Military Acad.-West Point,2554.5966845996495
U of California - Berkeley,U. of Calgary,984.1408139993306
U of California - Berkeley,Duke University,2379.376528762337
U of California - Berkeley,State Univ. of Management,5880.267977429941
U of California - Berkeley,University of Sydney,7428.563995447193
U of California - Berkeley,Universidad del Pacifico,4513.6422220243685
U of California - Berkeley,Goshen College,1943.0388478373998
U of California - Berkeley,Wellesley College,2677.1487787258557
U of California - Berkeley,Kenyon College,2130.7158453328957
U of California - Berkeley,Westminster College - UT,590.9552655878476
U of California - Berkeley,Indian Inst. of Technology,7433.222990417416
U. of Delhi,Scripps College,2370.365122704079
U. of Delhi,St. Xavier's College,7745.166760314778
U. of Delhi,Brigham Young U.,2369.266026463941
U. of Delhi,China Foreign Affairs Univ,6729.431053333879
U. of Delhi,Peabody Inst-John Hopkins U,224.14403821945007
U. of Delhi,U.S. Military Acad.-West Point,78.8625684877896
U. of Delhi,U. of Calgary,1930.4010979090044
U. of Delhi,Duke University,483.9824419642978
U. of Delhi,State Univ. of Management,4624.9598350062815
U. of Delhi,University of Sydney,9894.559745081177
U. of Delhi,Universidad del Pacifico,3742.4258049829955
U. of Delhi,Goshen College,564.0933141908773
U. of Delhi,Wellesley College,185.14309742736802
U. of Delhi,Kenyon College,410.4836221172051
U. of Delhi,Westminster College - UT,1904.1407656870774
U. of Delhi,Indian Inst. of Technology,6967.1730864314495
Scripps College,St. Xavier's College,8717.162027846489
Scripps College,Brigham Young U.,2.0974569169499855
Scripps College,China Foreign Affairs Univ,6283.506685382387
Scripps College,Peabody Inst-John Hopkins U,2289.817406753155
Scripps College,U.S. Military Acad.-West Point,2421.6305591676687
Scripps College,U. of Calgary,1172.3053512422578
Scripps College,Duke University,2186.9378517141654
Scripps College,State Univ. of Management,6079.675962013338
Scripps College,University of Sydney,7525.965693646162
Scripps College,Universidad del Pacifico,4150.9171155106205
Scripps College,Goshen College,1806.7231032761533
Scripps College,Wellesley College,2555.3824457085443
Scripps College,Kenyon College,1980.6643337919718
Scripps College,Westminster College - UT,558.9085458776076
Scripps College,Indian Inst. of Technology,7748.804073256186
St. Xavier's College,Brigham Young U.,8715.159243130129
St. Xavier's College,China Foreign Affairs Univ,2955.2486261237923
St. Xavier's College,Peabody Inst-John Hopkins U,7966.553914095269
St. Xavier's College,U.S. Military Acad.-West Point,7769.103613022723
St. Xavier's College,U. of Calgary,7606.261758008387
St. Xavier's College,Duke University,8227.181403337241
St. Xavier's College,State Univ. of Management,3122.0147159195994
St. Xavier's College,University of Sydney,6303.466899900497
St. Xavier's College,Universidad del Pacifico,10388.556717221023
St. Xavier's College,Goshen College,8050.370450245766
St. Xavier's College,Wellesley College,7639.482173387175
St. Xavier's College,Kenyon College,8051.191180584402
St. Xavier's College,Westminster College - UT,8313.962074872761
St. Xavier's College,Indian Inst. of Technology,968.9017764620587
Brigham Young U.,China Foreign Affairs Univ,6281.981307950923
Brigham Young U.,Peabody Inst-John Hopkins U,2288.8931673666034
Brigham Young U.,U.S. Military Acad.-West Point,2420.57936909242
Brigham Young U.,U. of Calgary,1170.2107152766748
Brigham Young U.,Duke University,2186.2319895505266
Brigham Young U.,State Univ. of Management,6077.601635978634
Brigham Young U.,University of Sydney,7527.121212390935
Brigham Young U.,Universidad del Pacifico,4152.197042878895
Brigham Young U.,Goshen College,1805.6447069699987
Brigham Young U.,Wellesley College,2554.2780114652505
Brigham Young U.,Kenyon College,1979.6793307026323
Brigham Young U.,Westminster College - UT,557.0649959440725
Brigham Young U.,Indian Inst. of Technology,7746.807229980581
China Foreign Affairs Univ,Peabody Inst-John Hopkins U,6917.899691950759
China Foreign Affairs Univ,U.S. Military Acad.-West Point,6797.30260960429
China Foreign Affairs Univ,U. of Calgary,5478.806032113788
China Foreign Affairs Univ,Duke University,7116.768465648254
China Foreign Affairs Univ,State Univ. of Management,3599.5974974911096
China Foreign Affairs Univ,University of Sydney,5545.210957979633
China Foreign Affairs Univ,Universidad del Pacifico,10348.202705867016
China Foreign Affairs Univ,Goshen College,6653.00042652849
China Foreign Affairs Univ,Wellesley College,6751.963943941136
China Foreign Affairs Univ,Kenyon College,6780.423867481026
China Foreign Affairs Univ,Westminster College - UT,6108.771603124612
China Foreign Affairs Univ,Indian Inst. of Technology,2261.6651527934982
Peabody Inst-John Hopkins U,U.S. Military Acad.-West Point,201.31407895757204
Peabody Inst-John Hopkins U,U. of Calgary,1971.3503129891337
Peabody Inst-John Hopkins U,Duke University,260.7821907428438
Peabody Inst-John Hopkins U,State Univ. of Management,4845.459898569164
Peabody Inst-John Hopkins U,University of Sydney,9789.052677064927
Peabody Inst-John Hopkins U,Universidad del Pacifico,3534.3952134558062
Peabody Inst-John Hopkins U,Goshen College,509.84765095546777
Peabody Inst-John Hopkins U,Wellesley College,346.7093318540038
Peabody Inst-John Hopkins U,Kenyon College,316.1462190595862
Peabody Inst-John Hopkins U,Westminster College - UT,1859.4349475657477
Peabody Inst-John Hopkins U,Indian Inst. of Technology,7191.315863440675
U.S. Military Acad.-West Point,U. of Calgary,2005.0137626725634
U.S. Military Acad.-West Point,Duke University,459.03003033906776
U.S. Military Acad.-West Point,State Univ. of Management,4647.418312510111
U.S. Military Acad.-West Point,University of Sydney,9941.378921682783
U.S. Military Acad.-West Point,Universidad del Pacifico,3683.9070493313106
U.S. Military Acad.-West Point,Goshen College,615.6543690321275
U.S. Military Acad.-West Point,Wellesley College,150.41135111999236
U.S. Military Acad.-West Point,Kenyon College,447.27702739557134
U.S. Military Acad.-West Point,Westminster College - UT,1963.9765189202815
U.S. Military Acad.-West Point,Indian Inst. of Technology,7002.348251655883
U. of Calgary,Duke University,2015.3630084159913
U. of Calgary,State Univ. of Management,4913.0934739078675
U. of Calgary,University of Sydney,8173.088628367459
U. of Calgary,Universidad del Pacifico,4872.732389009098
U. of Calgary,Goshen College,1485.9786983981676
U. of Calgary,Wellesley College,2087.8700725134076
U. of Calgary,Kenyon College,1679.5882540926277
U. of Calgary,Westminster College - UT,708.4330682426314
U. of Calgary,Indian Inst. of Technology,6646.650997263555
Duke University,State Univ. of Management,5105.876760472201
Duke University,University of Sydney,9625.181332836508
Duke University,Universidad del Pacifico,3309.210639857794
Duke University,Goshen College,533.7219014782577
Duke University,Wellesley College,596.8508235481431
Duke University,Kenyon College,355.20248570029725
Duke University,Westminster College - UT,1805.7265912241598
Duke University,Indian Inst. of Technology,7450.134716903937
State Univ. of Management,University of Sydney,8992.429503597572
State Univ. of Management,Universidad del Pacifico,7865.677892302677
State Univ. of Management,Goshen College,4965.167859378434
State Univ. of Management,Wellesley College,4517.509066381303
State Univ. of Management,Kenyon College,4945.606071368155
State Univ. of Management,Westminster College - UT,5554.579483092889
State Univ. of Management,Indian Inst. of Technology,2443.646495172464
University of Sydney,Universidad del Pacifico,7961.373467710391
University of Sydney,Goshen College,9330.51807974689
University of Sydney,Wellesley College,10079.688439431568
University of Sydney,Kenyon College,9494.796837080923
University of Sydney,Westminster College - UT,8015.271802212399
University of Sydney,Indian Inst. of Technology,6670.387652773372
Universidad del Pacifico,Goshen College,3732.8329528544023
Universidad del Pacifico,Wellesley College,3758.704732390905
Universidad del Pacifico,Kenyon College,3624.7379197224454
Universidad del Pacifico,Westminster College - UT,4261.413502696405
Universidad del Pacifico,Indian Inst. of Technology,10245.890728598686
Goshen College,Wellesley College,749.2359168822227
Goshen College,Kenyon College,197.32811985479805
Goshen College,Westminster College - UT,1353.7570053267987
Goshen College,Indian Inst. of Technology,7203.462912615305
Wellesley College,Kenyon College,591.4442141328675
Wellesley College,Westminster College - UT,2086.206193098891
Wellesley College,Indian Inst. of Technology,6886.310819231172
Kenyon College,Westminster College - UT,1543.3381747025753
Kenyon College,Indian Inst. of Technology,7230.36211075654
Westminster College - UT,Indian Inst. of Technology,7355.053860419715
